AL00696,"2009-11-29 00:00:00.000",LM13825,CD0010,4,"2009-12-09 00:00:00.000",8,"2009-12-28 00:00:00.000",45000.00000000000000000000,6225.00000000000000000000,.00000000000000000000,.00000000000000000000,.00000000000000000000,.00000000000000000000,.00000000000000000000,.00000000000000000000,2,1,.16000000000000000000,2,KIVA
AL00732,"2009-12-14 00:00:00.000",AL0383,CD0015,4,"2009-12-15 00:00:00.000",12,"2010-01-05 00:00:00.000",45000.00000000000000000000,4350.00000000000000000000,-4496.00000000000000000000,.00000000000000000000,.00000000000000000000,.00000000000000000000,.00000000000000000000,.00000000000000000000,1,0,.16000000000000000000,2,KIVA
AL00736,"2009-11-25 00:00:00.000",AL0324,CD0015,4,"2009-12-15 00:00:00.000",12,"2010-01-20 00:00:00.000",50000.00000000000000000000,4916.67000000000000000000,.00000000000000000000,.00000000000000000000,.00000000000000000000,.00000000000000000000,.00000000000000000000,.00000000000000000000,2,1,.18000000000000000000,2,KIVA
AL00777,"2009-11-16 00:00:00.000",LM11566,CD0032,4,"2009-12-16 00:00:00.000",18,"2010-01-11 00:00:00.000",30000.00000000000000000000,2116.67000000000000000000,.00000000000000000000,.00000000000000000000,.00000000000000000000,.00000000000000000000,.00000000000000000000,.00000000000000000000,1,0,.18000000000000000000,2,KIVA
AL00788,"2009-11-25 00:00:00.000",LM12721,CD0015,4,"2009-12-22 00:00:00.000",12,"2010-01-20 00:00:00.000",30000.00000000000000000000,2950.00000000000000000000,.00000000000000000000,.00000000000000000000,.00000000000000000000,.00000000000000000000,.00000000000000000000,.00000000000000000000,2,1,.18000000000000000000,2,KIVA
AL00794,"2009-11-25 00:00:00.000",LM12722,CD0015,4,"2009-12-22 00:00:00.000",12,"2010-01-22 00:00:00.000",35000.00000000000000000000,3441.67000000000000000000,.00000000000000000000,.00000000000000000000,.00000000000000000000,.00000000000000000000,.00000000000000000000,.00000000000000000000,2,1,.18000000000000000000,2,KIVA
AL00845,"2009-12-18 00:00:00.000",AL0479,CD0032,4,"2010-01-05 00:00:00.000",18,"2010-01-12 00:00:00.000",48920.00000000000000000000,3451.58000000000000000000,8898.40000000000000000000,.00000000000000000000,.00000000000000000000,10893.40000000000000000000,.00000000000000000000,14941.86000000000000000000,1,0,.18000000000000000000,2,KIVA
AL00847,"2009-12-17 00:00:00.000",LM13175,CD0032,4,"2010-01-04 00:00:00.000",12,"2010-01-11 00:00:00.000",35000.00000000000000000000,3441.67000000000000000000,.00000000000000000000,.00000000000000000000,.00000000000000000000,.00000000000000000000,.00000000000000000000,.00000000000000000000,2,1,.18000000000000000000,2,KIVA
AL00848,"2009-12-17 00:00:00.000",AL0038,CD0032,4,"2010-01-04 00:00:00.000",18,"2010-01-12 00:00:00.000",31800.00000000000000000000,2243.67000000000000000000,22972.00000000000000000000,.00000000000000000000,.00000000000000000000,.00000000000000000000,22972.00000000000000000000,23731.72000000000000000000,2,0,.18000000000000000000,2,KIVA
AL00863,"2009-12-18 00:00:00.000",AL0484,CD0008,4,"2010-01-04 00:00:00.000",12,"2010-02-01 00:00:00.000",40000.00000000000000000000,3866.67000000000000000000,.00000000000000000000,.00000000000000000000,.00000000000000000000,.00000000000000000000,.00000000000000000000,.00000000000000000000,1,0,.16000000000000000000,2,KIVA
AL00864,"2009-12-21 00:00:00.000",AL0483,CD0008,4,"2010-01-04 00:00:00.000",12,"2010-02-01 00:00:00.000",45000.00000000000000000000,4350.00000000000000000000,.00000000000000000000,.00000000000000000000,.00000000000000000000,.00000000000000000000,.00000000000000000000,.00000000000000000000,1,0,.16000000000000000000,2,KIVA
AL00867,"2009-12-18 00:00:00.000",AL0480,CD0008,4,"2010-01-04 00:00:00.000",12,"2010-02-01 00:00:00.000",45000.00000000000000000000,4350.00000000000000000000,2350.00000000000000000000,2350.00000000000000000000,.00000000000000000000,.00000000000000000000,.00000000000000000000,2350.00000000000000000000,1,0,.16000000000000000000,2,KIVA
AL00890,"2009-06-28 00:00:00.000",LM12757,CD0010,4,"2010-01-11 00:00:00.000",12,"2010-01-21 00:00:00.000",70000.00000000000000000000,6883.34000000000000000000,8414.00000000000000000000,.00000000000000000000,.00000000000000000000,8414.00000000000000000000,.00000000000000000000,8439.08000000000000000000,1,0,.18000000000000000000,2,KIVA
AL00891,"2009-08-10 00:00:00.000",M14726,CD0015,4,"2010-01-11 00:00:00.000",12,"2010-01-29 00:00:00.000",70000.00000000000000000000,6883.34000000000000000000,448.00000000000000000000,.00000000000000000000,.00000000000000000000,.00000000000000000000,.00000000000000000000,.00000000000000000000,1,0,.18000000000000000000,2,KIVA
AL00972,"2010-12-08 00:00:00.000",LM13726,CD0010,4,"2010-01-29 00:00:00.000",12,"2010-02-02 00:00:00.000",40000.00000000000000000000,3933.34000000000000000000,.00000000000000000000,.00000000000000000000,.00000000000000000000,.00000000000000000000,.00000000000000000000,.00000000000000000000,1,0,.18000000000000000000,2,KIVA
AL00973,"2009-09-15 00:00:00.000",M24383,CD0010,4,"2010-01-29 00:00:00.000",12,"2010-02-02 00:00:00.000",45000.00000000000000000000,4425.00000000000000000000,6525.00000000000000000000,.00000000000000000000,.00000000000000000000,6525.00000000000000000000,.00000000000000000000,6525.00000000000000000000,1,0,.18000000000000000000,2,KIVA
AL00984,"2010-01-05 00:00:00.000",M14894,CD0010,4,"2010-01-29 00:00:00.000",12,"2010-02-01 00:00:00.000",80000.00000000000000000000,7866.67000000000000000000,.00000000000000000000,.00000000000000000000,.00000000000000000000,.00000000000000000000,.00000000000000000000,.00000000000000000000,1,0,.18000000000000000000,2,KIVA
AL00994,"2010-01-22 00:00:00.000",M26304,CD0015,4,"2010-01-29 00:00:00.000",12,"2010-02-03 00:00:00.000",50000.00000000000000000000,4916.67000000000000000000,.00000000000000000000,.00000000000000000000,.00000000000000000000,.00000000000000000000,.00000000000000000000,.00000000000000000000,1,0,.18000000000000000000,2,KIVA
AL01098,"2010-02-02 00:00:00.000",LM12251,CD0015,4,"2010-02-12 00:00:00.000",12,"2010-03-01 00:00:00.000",80000.00000000000000000000,7866.67000000000000000000,.00000000000000000000,.00000000000000000000,.00000000000000000000,.00000000000000000000,.00000000000000000000,.00000000000000000000,1,0,.18000000000000000000,2,KIVA
AL01102,"2010-02-09 00:00:00.000",AL0343,CD0032,4,"2010-02-23 00:00:00.000",18,"2010-03-01 00:00:00.000",53000.00000000000000000000,3739.45000000000000000000,15520.00000000000000000000,.00000000000000000000,.00000000000000000000,15520.00000000000000000000,.00000000000000000000,19681.75000000000000000000,2,1,.18000000000000000000,2,KIVA
AL01103,"2010-01-08 00:00:00.000",M29694,CD0032,4,"2010-02-23 00:00:00.000",18,"2010-03-05 00:00:00.000",75000.00000000000000000000,5291.67000000000000000000,-1150.00000000000000000000,.00000000000000000000,.00000000000000000000,.00000000000000000000,.00000000000000000000,.00000000000000000000,2,1,.18000000000000000000,2,KIVA
AL01105,"2009-12-17 00:00:00.000",LM12621,CD0032,4,"2010-02-23 00:00:00.000",18,"2010-03-15 00:00:00.000",31800.00000000000000000000,2243.67000000000000000000,6932.00000000000000000000,.00000000000000000000,.00000000000000000000,.00000000000000000000,.00000000000000000000,.00000000000000000000,2,1,.18000000000000000000,2,KIVA
AL01106,"2010-02-17 00:00:00.000",AL0726,CD0032,4,"2010-02-23 00:00:00.000",18,"2010-03-16 00:00:00.000",45000.00000000000000000000,3175.00000000000000000000,13720.00000000000000000000,.00000000000000000000,16000.00000000000000000000,.00000000000000000000,.00000000000000000000,6000.00000000000000000000,2,1,.18000000000000000000,2,KIVA
AL01107,"2010-02-08 00:00:00.000",AL0162,CD0032,4,"2010-02-23 00:00:00.000",18,"2010-03-03 00:00:00.000",45000.00000000000000000000,3175.00000000000000000000,10620.00000000000000000000,.00000000000000000000,10620.00000000000000000000,.00000000000000000000,.00000000000000000000,6320.00000000000000000000,2,1,.18000000000000000000,2,KIVA
AL01272,"2009-11-14 00:00:00.000",LM11425,CD0032,4,"2010-03-12 00:00:00.000",18,"2010-03-16 00:00:00.000",53820.00000000000000000000,3797.30000000000000000000,11036.80000000000000000000,.00000000000000000000,.00000000000000000000,.00000000000000000000,.00000000000000000000,.00000000000000000000,2,1,.18000000000000000000,2,KIVA
AL01273,"2010-01-11 00:00:00.000",AL0656,CD0032,4,"2010-03-12 00:00:00.000",18,"2010-03-16 00:00:00.000",35720.00000000000000000000,2520.25000000000000000000,14927.00000000000000000000,.00000000000000000000,14927.00000000000000000000,.00000000000000000000,.00000000000000000000,5004.85000000000000000000,2,1,.18000000000000000000,2,KIVA
AL01274,"2010-02-17 00:00:00.000",M29699,CD0032,4,"2010-03-12 00:00:00.000",18,"2010-03-16 00:00:00.000",65000.00000000000000000000,4586.12000000000000000000,17419.40000000000000000000,.00000000000000000000,.00000000000000000000,17419.40000000000000000000,.00000000000000000000,16249.68000000000000000000,2,1,.18000000000000000000,2,KIVA
AL01353,"2010-03-15 00:00:00.000",AL0745,CD0010,4,"2010-03-25 00:00:00.000",12,"2010-04-07 00:00:00.000",45000.00000000000000000000,4425.00000000000000000000,650.00000000000000000000,650.00000000000000000000,.00000000000000000000,.00000000000000000000,.00000000000000000000,3725.00000000000000000000,2,1,.18000000000000000000,2,KIVA
AL01363,"2010-03-15 00:00:00.000",AL0880,CD0032,4,"2010-03-25 00:00:00.000",18,"2010-04-19 00:00:00.000",42400.00000000000000000000,2991.56000000000000000000,4518.00000000000000000000,4518.00000000000000000000,.00000000000000000000,.00000000000000000000,.00000000000000000000,636.00000000000000000000,2,1,.18000000000000000000,2,KIVA
AL01383,"2010-03-31 00:00:00.000",AL0634,CD0010,4,"2010-04-13 00:00:00.000",6,"2010-04-19 00:00:00.000",45000.00000000000000000000,8175.00000000000000000000,.00000000000000000000,.00000000000000000000,.00000000000000000000,.00000000000000000000,.00000000000000000000,.00000000000000000000,2,1,.18000000000000000000,2,KIVA
AL01384,"2010-03-31 00:00:00.000",AL0722,CD0010,4,"2010-04-13 00:00:00.000",8,"2010-04-19 00:00:00.000",45000.00000000000000000000,6300.00000000000000000000,.00000000000000000000,.00000000000000000000,.00000000000000000000,.00000000000000000000,.00000000000000000000,.00000000000000000000,2,1,.18000000000000000000,2,KIVA
AL01486,"2010-03-22 00:00:00.000",AL0431,CD0032,4,"2010-04-19 00:00:00.000",18,"2010-04-23 00:00:00.000",31800.00000000000000000000,2243.67000000000000000000,8255.00000000000000000000,.00000000000000000000,.00000000000000000000,.00000000000000000000,.00000000000000000000,.00000000000000000000,2,1,.18000000000000000000,2,KIVA
AL01511,"2010-04-11 00:00:00.000",M23344,CD0015,4,"2010-04-20 00:00:00.000",12,"2010-04-26 00:00:00.000",35000.00000000000000000000,3441.67000000000000000000,.00000000000000000000,.00000000000000000000,.00000000000000000000,.00000000000000000000,.00000000000000000000,.00000000000000000000,2,1,.18000000000000000000,2,KIVA
AL01517,"2010-04-11 00:00:00.000",LM13939,CD0015,4,"2010-04-20 00:00:00.000",12,"2010-04-21 00:00:00.000",80000.00000000000000000000,7866.67000000000000000000,3600.00000000000000000000,.00000000000000000000,.00000000000000000000,.00000000000000000000,.00000000000000000000,.00000000000000000000,1,0,.18000000000000000000,2,KIVA
AL01566,"2010-04-22 00:00:00.000",AL0781,CD0008,4,"2010-04-27 00:00:00.000",12,"2010-04-29 00:00:00.000",20000.00000000000000000000,1966.67000000000000000000,.00000000000000000000,.00000000000000000000,.00000000000000000000,.00000000000000000000,.00000000000000000000,.00000000000000000000,1,0,.18000000000000000000,2,KIVA
AL01568,"2010-04-22 00:00:00.000",LM12338,CD0008,4,"2010-04-27 00:00:00.000",15,"2010-04-29 00:00:00.000",70000.00000000000000000000,5716.67000000000000000000,900.00000000000000000000,.00000000000000000000,.00000000000000000000,.00000000000000000000,.00000000000000000000,.00000000000000000000,1,0,.18000000000000000000,2,KIVA
AL01613,"2010-04-26 00:00:00.000",M18098,CD0015,4,"2010-05-04 00:00:00.000",12,"2010-05-11 00:00:00.000",40000.00000000000000000000,3933.34000000000000000000,.00000000000000000000,.00000000000000000000,.00000000000000000000,.00000000000000000000,.00000000000000000000,.00000000000000000000,1,0,.18000000000000000000,2,KIVA
AL01661,"2010-02-18 00:00:00.000",LM12784,CD0015,4,"2010-05-07 00:00:00.000",12,"2010-05-17 00:00:00.000",50000.00000000000000000000,4916.67000000000000000000,5746.00000000000000000000,.00000000000000000000,5746.00000000000000000000,.00000000000000000000,.00000000000000000000,5746.04000000000000000000,1,0,.18000000000000000000,2,KIVA
AL01664,"2010-04-26 00:00:00.000",M26298,CD0015,4,"2010-05-07 00:00:00.000",12,"2010-05-13 00:00:00.000",50000.00000000000000000000,4916.67000000000000000000,.00000000000000000000,.00000000000000000000,.00000000000000000000,.00000000000000000000,.00000000000000000000,.00000000000000000000,1,0,.18000000000000000000,2,KIVA
AL01679,"2010-03-09 00:00:00.000",M28930,CD0008,4,"2010-05-07 00:00:00.000",12,"2010-06-07 00:00:00.000",45000.00000000000000000000,4425.00000000000000000000,.00000000000000000000,.00000000000000000000,.00000000000000000000,.00000000000000000000,.00000000000000000000,.00000000000000000000,1,0,.18000000000000000000,2,KIVA
AL01734,"2010-04-26 00:00:00.000",AL0952,CD0032,4,"2010-05-17 00:00:00.000",18,"2010-05-31 00:00:00.000",31800.00000000000000000000,2243.67000000000000000000,25693.00000000000000000000,.00000000000000000000,.00000000000000000000,25693.00000000000000000000,.00000000000000000000,13326.37000000000000000000,2,1,.18000000000000000000,2,KIVA
AL01749,"2010-04-29 00:00:00.000",M26292,CD0015,4,"2010-05-17 00:00:00.000",12,"2010-05-20 00:00:00.000",80000.00000000000000000000,7866.67000000000000000000,.00000000000000000000,.00000000000000000000,.00000000000000000000,.00000000000000000000,.00000000000000000000,.00000000000000000000,1,0,.18000000000000000000,2,KIVA
AL01834,"2010-05-03 00:00:00.000",AL0739,CD0008,4,"2010-06-02 00:00:00.000",12,"2010-06-07 00:00:00.000",30000.00000000000000000000,2950.00000000000000000000,5000.00000000000000000000,.00000000000000000000,5000.00000000000000000000,.00000000000000000000,.00000000000000000000,5000.00000000000000000000,2,0,.18000000000000000000,2,KIVA
AL01835,"2010-05-03 00:00:00.000",AL0731,CD0008,4,"2010-06-02 00:00:00.000",12,"2010-06-07 00:00:00.000",45000.00000000000000000000,4425.00000000000000000000,.00000000000000000000,.00000000000000000000,.00000000000000000000,.00000000000000000000,.00000000000000000000,.00000000000000000000,1,0,.18000000000000000000,2,KIVA
AL01836,"2010-05-10 00:00:00.000",AL0737,CD0008,4,"2010-06-02 00:00:00.000",12,"2010-06-07 00:00:00.000",45000.00000000000000000000,4425.00000000000000000000,8175.00000000000000000000,8175.00000000000000000000,.00000000000000000000,.00000000000000000000,.00000000000000000000,675.00000000000000000000,2,1,.18000000000000000000,2,KIVA
AL01837,"2010-05-03 00:00:00.000",AL0732,CD0008,4,"2010-06-02 00:00:00.000",12,"2010-06-07 00:00:00.000",45000.00000000000000000000,4425.00000000000000000000,3750.00000000000000000000,.00000000000000000000,.00000000000000000000,.00000000000000000000,.00000000000000000000,.00000000000000000000,2,1,.18000000000000000000,2,KIVA
AL01838,"2010-04-26 00:00:00.000",AL0729,CD0008,4,"2010-06-02 00:00:00.000",12,"2010-06-07 00:00:00.000",45000.00000000000000000000,4425.00000000000000000000,4425.00000000000000000000,4425.00000000000000000000,.00000000000000000000,.00000000000000000000,.00000000000000000000,4425.00000000000000000000,1,0,.18000000000000000000,2,KIVA
AL01840,"2010-05-01 00:00:00.000",AL0782,CD0008,4,"2010-06-02 00:00:00.000",12,"2010-06-07 00:00:00.000",45000.00000000000000000000,4425.00000000000000000000,1285.00000000000000000000,.00000000000000000000,1285.00000000000000000000,.00000000000000000000,.00000000000000000000,4485.00000000000000000000,1,0,.18000000000000000000,2,KIVA
AL01842,"2010-05-03 00:00:00.000",AL0733,CD0008,4,"2010-06-02 00:00:00.000",12,"2010-06-07 00:00:00.000",45000.00000000000000000000,4425.00000000000000000000,9470.00000000000000000000,9470.00000000000000000000,.00000000000000000000,.00000000000000000000,.00000000000000000000,1970.00000000000000000000,2,1,.18000000000000000000,2,KIVA
AL01843,"2010-05-01 00:00:00.000",LM13935,CD0008,4,"2010-06-02 00:00:00.000",12,"2010-06-07 00:00:00.000",60000.00000000000000000000,5900.00000000000000000000,.00000000000000000000,.00000000000000000000,.00000000000000000000,.00000000000000000000,.00000000000000000000,.00000000000000000000,1,0,.18000000000000000000,2,KIVA
AL01848,"2010-05-10 00:00:00.000",AL0734,CD0008,4,"2010-06-02 00:00:00.000",12,"2010-06-07 00:00:00.000",45000.00000000000000000000,4425.00000000000000000000,17500.00000000000000000000,.00000000000000000000,17500.00000000000000000000,.00000000000000000000,.00000000000000000000,10000.00000000000000000000,2,1,.18000000000000000000,2,KIVA
AL01855,"2010-05-11 00:00:00.000",LM12502,CD0008,4,"2010-06-02 00:00:00.000",12,"2010-06-08 00:00:00.000",45000.00000000000000000000,4425.00000000000000000000,5345.00000000000000000000,.00000000000000000000,.00000000000000000000,5345.00000000000000000000,.00000000000000000000,13420.00000000000000000000,1,0,.18000000000000000000,2,KIVA
AL01856,"2010-05-11 00:00:00.000",LM12750,CD0008,4,"2010-06-02 00:00:00.000",12,"2010-06-08 00:00:00.000",50000.00000000000000000000,4916.67000000000000000000,22093.00000000000000000000,.00000000000000000000,.00000000000000000000,22093.00000000000000000000,.00000000000000000000,23593.04000000000000000000,1,0,.18000000000000000000,2,KIVA
AL01878,"2010-04-01 00:00:00.000",AL0417,CD0010,4,"2010-06-03 00:00:00.000",12,"2010-06-04 00:00:00.000",45000.00000000000000000000,4425.00000000000000000000,14353.00000000000000000000,.00000000000000000000,14353.00000000000000000000,.00000000000000000000,.00000000000000000000,11278.00000000000000000000,2,1,.18000000000000000000,2,KIVA
AL01879,"2010-04-01 00:00:00.000",AL0411,CD0010,4,"2010-06-03 00:00:00.000",12,"2010-06-07 00:00:00.000",30000.00000000000000000000,2950.00000000000000000000,2700.00000000000000000000,5200.00000000000000000000,.00000000000000000000,.00000000000000000000,.00000000000000000000,200.00000000000000000000,2,1,.18000000000000000000,2,KIVA
AL01881,"2010-05-25 00:00:00.000",AL1143,CD0010,4,"2010-06-03 00:00:00.000",12,"2010-06-04 00:00:00.000",45000.00000000000000000000,4425.00000000000000000000,11495.00000000000000000000,11495.00000000000000000000,.00000000000000000000,.00000000000000000000,.00000000000000000000,3995.00000000000000000000,2,1,.18000000000000000000,2,KIVA
AL01882,"2010-05-26 00:00:00.000",AL1144,CD0010,4,"2010-06-03 00:00:00.000",12,"2010-06-04 00:00:00.000",50000.00000000000000000000,4916.67000000000000000000,6081.00000000000000000000,.00000000000000000000,9081.00000000000000000000,.00000000000000000000,.00000000000000000000,7414.37000000000000000000,2,0,.18000000000000000000,2,KIVA
AL01883,"2010-05-26 00:00:00.000",AL1146,CD0010,4,"2010-06-03 00:00:00.000",12,"2010-06-04 00:00:00.000",50000.00000000000000000000,4916.67000000000000000000,4257.00000000000000000000,8424.00000000000000000000,.00000000000000000000,.00000000000000000000,.00000000000000000000,90.70000000000000000000,2,1,.18000000000000000000,2,KIVA
AL01884,"2010-05-26 00:00:00.000",AL1137,CD0010,4,"2010-06-03 00:00:00.000",12,"2010-06-04 00:00:00.000",40000.00000000000000000000,3933.34000000000000000000,10123.00000000000000000000,.00000000000000000000,13023.00000000000000000000,.00000000000000000000,.00000000000000000000,6356.40000000000000000000,2,1,.18000000000000000000,2,KIVA
AL01885,"2010-05-26 00:00:00.000",AL1139,CD0010,4,"2010-06-03 00:00:00.000",12,"2010-06-04 00:00:00.000",35000.00000000000000000000,3441.67000000000000000000,5767.00000000000000000000,7610.00000000000000000000,.00000000000000000000,.00000000000000000000,.00000000000000000000,3251.70000000000000000000,2,1,.18000000000000000000,2,KIVA
AL01886,"2010-05-26 00:00:00.000",AL1142,CD0010,4,"2010-06-03 00:00:00.000",12,"2010-06-04 00:00:00.000",45000.00000000000000000000,4425.00000000000000000000,10698.00000000000000000000,10698.00000000000000000000,.00000000000000000000,.00000000000000000000,.00000000000000000000,3873.00000000000000000000,2,1,.18000000000000000000,2,KIVA
AL01887,"2010-05-26 00:00:00.000",AL1134,CD0010,4,"2010-06-03 00:00:00.000",12,"2010-06-04 00:00:00.000",50000.00000000000000000000,4916.67000000000000000000,7052.00000000000000000000,.00000000000000000000,.00000000000000000000,.00000000000000000000,.00000000000000000000,.00000000000000000000,2,1,.18000000000000000000,2,KIVA
AL01892,"2010-05-24 00:00:00.000",LM12433,CD0015,4,"2010-06-03 00:00:00.000",12,"2010-06-07 00:00:00.000",40000.00000000000000000000,3933.34000000000000000000,.00000000000000000000,.00000000000000000000,.00000000000000000000,.00000000000000000000,.00000000000000000000,.00000000000000000000,1,0,.18000000000000000000,2,KIVA
AL01939,"2010-04-01 00:00:00.000",AL0842,CD0010,4,"2010-06-08 00:00:00.000",12,"2010-06-17 00:00:00.000",30000.00000000000000000000,2950.00000000000000000000,5400.00000000000000000000,5400.00000000000000000000,.00000000000000000000,.00000000000000000000,.00000000000000000000,400.00000000000000000000,2,1,.18000000000000000000,2,KIVA
AL01941,"2010-04-29 00:00:00.000",LM13562,CD0010,4,"2010-06-08 00:00:00.000",12,"2010-06-14 00:00:00.000",80000.00000000000000000000,7866.67000000000000000000,.00000000000000000000,.00000000000000000000,.00000000000000000000,.00000000000000000000,.00000000000000000000,.00000000000000000000,1,0,.18000000000000000000,2,KIVA
AL01947,"2010-04-06 00:00:00.000",M28929,CD0008,4,"2010-06-09 00:00:00.000",12,"2010-06-15 00:00:00.000",60000.00000000000000000000,5900.00000000000000000000,7400.00000000000000000000,.00000000000000000000,7400.00000000000000000000,.00000000000000000000,.00000000000000000000,8300.00000000000000000000,1,0,.18000000000000000000,2,KIVA
AL01969,"2010-06-07 00:00:00.000",LM12968,CD0015,4,"2010-06-10 00:00:00.000",12,"2010-06-22 00:00:00.000",80000.00000000000000000000,7866.67000000000000000000,.00000000000000000000,.00000000000000000000,.00000000000000000000,.00000000000000000000,.00000000000000000000,.00000000000000000000,1,0,.18000000000000000000,2,KIVA
AL01972,"2010-06-07 00:00:00.000",M29721,CD0010,4,"2010-06-10 00:00:00.000",12,"2010-06-21 00:00:00.000",60000.00000000000000000000,5900.00000000000000000000,.00000000000000000000,.00000000000000000000,.00000000000000000000,.00000000000000000000,.00000000000000000000,.00000000000000000000,1,0,.18000000000000000000,2,KIVA
AL01973,"2010-06-07 00:00:00.000",M29723,CD0010,4,"2010-06-10 00:00:00.000",12,"2010-06-21 00:00:00.000",60000.00000000000000000000,5900.00000000000000000000,.00000000000000000000,.00000000000000000000,.00000000000000000000,.00000000000000000000,.00000000000000000000,.00000000000000000000,1,0,.18000000000000000000,2,KIVA
AL01986,"2010-03-09 00:00:00.000",LM13916,CD0008,4,"2010-06-11 00:00:00.000",12,"2010-06-15 00:00:00.000",50000.00000000000000000000,4916.67000000000000000000,31816.00000000000000000000,.00000000000000000000,.00000000000000000000,.00000000000000000000,31816.00000000000000000000,33321.04000000000000000000,1,0,.18000000000000000000,2,KIVA
AL01997,"2010-04-19 00:00:00.000",LM13557,CD0010,4,"2010-06-14 00:00:00.000",12,"2010-06-17 00:00:00.000",80000.00000000000000000000,7866.67000000000000000000,-1200.00000000000000000000,.00000000000000000000,.00000000000000000000,.00000000000000000000,.00000000000000000000,.00000000000000000000,1,0,.18000000000000000000,2,KIVA
AL02003,"2010-06-07 00:00:00.000",M24016,CD0032,4,"2010-06-15 00:00:00.000",18,"2010-06-19 00:00:00.000",60000.00000000000000000000,4233.34000000000000000000,23320.00000000000000000000,.00000000000000000000,26655.00000000000000000000,.00000000000000000000,.00000000000000000000,5428.36000000000000000000,2,1,.18000000000000000000,2,KIVA
AL02004,"2010-06-07 00:00:00.000",M24017,CD0032,4,"2010-06-15 00:00:00.000",18,"2010-06-19 00:00:00.000",42400.00000000000000000000,2991.56000000000000000000,17067.00000000000000000000,19431.00000000000000000000,.00000000000000000000,.00000000000000000000,.00000000000000000000,1222.60000000000000000000,2,1,.18000000000000000000,2,KIVA
AL02012,"2010-06-17 00:00:00.000",AL1135,CD0010,4,"2010-06-18 00:00:00.000",12,"2010-06-22 00:00:00.000",45000.00000000000000000000,4425.00000000000000000000,.00000000000000000000,.00000000000000000000,.00000000000000000000,.00000000000000000000,.00000000000000000000,.00000000000000000000,2,1,.18000000000000000000,2,KIVA
AL02013,"2010-06-17 00:00:00.000",AL1147,CD0010,4,"2010-06-18 00:00:00.000",12,"2010-06-22 00:00:00.000",30000.00000000000000000000,2950.00000000000000000000,5450.00000000000000000000,7950.00000000000000000000,.00000000000000000000,.00000000000000000000,.00000000000000000000,2950.00000000000000000000,2,1,.18000000000000000000,2,KIVA
AL02014,"2010-06-17 00:00:00.000",AL1141,CD0010,4,"2010-06-18 00:00:00.000",12,"2010-06-22 00:00:00.000",40000.00000000000000000000,3933.34000000000000000000,13528.00000000000000000000,.00000000000000000000,13798.00000000000000000000,.00000000000000000000,.00000000000000000000,7731.40000000000000000000,2,1,.18000000000000000000,2,KIVA
AL02015,"2010-06-17 00:00:00.000",AL1140,CD0010,4,"2010-06-18 00:00:00.000",12,"2010-06-22 00:00:00.000",30000.00000000000000000000,2950.00000000000000000000,764.00000000000000000000,3714.00000000000000000000,.00000000000000000000,.00000000000000000000,.00000000000000000000,564.00000000000000000000,2,1,.18000000000000000000,2,KIVA
AL02016,"2010-06-17 00:00:00.000",AL1133,CD0010,4,"2010-06-18 00:00:00.000",12,"2010-06-22 00:00:00.000",45000.00000000000000000000,4425.00000000000000000000,7208.00000000000000000000,9533.00000000000000000000,.00000000000000000000,.00000000000000000000,.00000000000000000000,2033.00000000000000000000,2,1,.18000000000000000000,2,KIVA
AL02017,"2010-05-26 00:00:00.000",AL0651,CD0010,4,"2010-06-18 00:00:00.000",12,"2010-06-23 00:00:00.000",45000.00000000000000000000,4425.00000000000000000000,9675.00000000000000000000,.00000000000000000000,9675.00000000000000000000,.00000000000000000000,.00000000000000000000,6000.00000000000000000000,2,1,.18000000000000000000,2,KIVA
AL02023,"2010-05-26 00:00:00.000",M26717,CD0015,4,"2010-06-21 00:00:00.000",12,"2010-06-22 00:00:00.000",85000.00000000000000000000,8358.34000000000000000000,3000.00000000000000000000,10000.00000000000000000000,.00000000000000000000,.00000000000000000000,.00000000000000000000,10000.08000000000000000000,"",0,.18000000000000000000,2,KIVA
AL02106,"2010-06-05 00:00:00.000",LM12712,CD0010,4,"2010-06-29 00:00:00.000",12,"2010-08-10 00:00:00.000",70000.00000000000000000000,6883.34000000000000000000,18050.00000000000000000000,.00000000000000000000,18050.00000000000000000000,.00000000000000000000,.00000000000000000000,14283.40000000000000000000,1,0,.18000000000000000000,2,KIVA
AL02126,"2010-06-28 00:00:00.000",AL1354,CD0010,4,"2010-06-30 00:00:00.000",12,"2010-07-15 00:00:00.000",50000.00000000000000000000,4916.67000000000000000000,.00000000000000000000,.00000000000000000000,.00000000000000000000,.00000000000000000000,.00000000000000000000,.00000000000000000000,2,1,.18000000000000000000,2,KIVA
AL02127,"2010-06-26 00:00:00.000",AL1353,CD0010,4,"2010-06-30 00:00:00.000",12,"2010-07-15 00:00:00.000",45000.00000000000000000000,4425.00000000000000000000,6150.00000000000000000000,9975.00000000000000000000,.00000000000000000000,.00000000000000000000,.00000000000000000000,2475.00000000000000000000,2,0,.18000000000000000000,2,KIVA
AL02128,"2010-06-26 00:00:00.000",AL1349,CD0010,4,"2010-06-30 00:00:00.000",12,"2010-07-15 00:00:00.000",50000.00000000000000000000,4916.67000000000000000000,7953.00000000000000000000,.00000000000000000000,.00000000000000000000,.00000000000000000000,.00000000000000000000,.00000000000000000000,2,1,.18000000000000000000,2,KIVA
AL02130,"2010-06-26 00:00:00.000",AL1356,CD0010,4,"2010-06-30 00:00:00.000",12,"2010-07-15 00:00:00.000",50000.00000000000000000000,4916.67000000000000000000,7583.00000000000000000000,.00000000000000000000,.00000000000000000000,.00000000000000000000,.00000000000000000000,.00000000000000000000,2,1,.18000000000000000000,2,KIVA
AL02131,"2010-06-26 00:00:00.000",AL1345,CD0010,4,"2010-06-30 00:00:00.000",12,"2010-07-15 00:00:00.000",30000.00000000000000000000,2950.00000000000000000000,4850.00000000000000000000,.00000000000000000000,.00000000000000000000,.00000000000000000000,.00000000000000000000,.00000000000000000000,2,1,.18000000000000000000,2,KIVA
AL02132,"2010-06-26 00:00:00.000",AL1352,CD0010,4,"2010-06-30 00:00:00.000",12,"2010-07-15 00:00:00.000",30000.00000000000000000000,2950.00000000000000000000,4650.00000000000000000000,.00000000000000000000,.00000000000000000000,.00000000000000000000,.00000000000000000000,.00000000000000000000,2,1,.18000000000000000000,2,KIVA
AL02133,"2010-06-26 00:00:00.000",AL1346,CD0010,4,"2010-06-30 00:00:00.000",12,"2010-07-15 00:00:00.000",50000.00000000000000000000,4916.67000000000000000000,1784.00000000000000000000,6034.00000000000000000000,.00000000000000000000,.00000000000000000000,.00000000000000000000,750.00000000000000000000,2,1,.18000000000000000000,2,KIVA
AL02134,"2010-06-26 00:00:00.000",AL1348,CD0010,4,"2010-06-30 00:00:00.000",12,"2010-07-15 00:00:00.000",30000.00000000000000000000,2950.00000000000000000000,4550.00000000000000000000,.00000000000000000000,.00000000000000000000,.00000000000000000000,.00000000000000000000,.00000000000000000000,2,1,.18000000000000000000,2,KIVA
AL02181,"2010-07-06 00:00:00.000",M14322,CD0032,4,"2010-07-09 00:00:00.000",24,"2010-07-13 00:00:00.000",65000.00000000000000000000,3683.34000000000000000000,35115.00000000000000000000,.00000000000000000000,.00000000000000000000,.00000000000000000000,.00000000000000000000,.00000000000000000000,1,1,.18000000000000000000,2,KIVA
AL02237,"2010-07-12 00:00:00.000",AL1380,CD0010,4,"2010-07-13 00:00:00.000",12,"2010-07-15 00:00:00.000",40000.00000000000000000000,3933.34000000000000000000,8550.00000000000000000000,8550.00000000000000000000,.00000000000000000000,.00000000000000000000,.00000000000000000000,2450.06000000000000000000,2,1,.18000000000000000000,2,KIVA
AL02239,"2010-07-12 00:00:00.000",AL1382,CD0010,4,"2010-07-13 00:00:00.000",12,"2010-07-15 00:00:00.000",35000.00000000000000000000,3441.67000000000000000000,13825.00000000000000000000,.00000000000000000000,13825.00000000000000000000,.00000000000000000000,.00000000000000000000,6025.03000000000000000000,2,1,.18000000000000000000,2,KIVA
AL02264,"2010-07-12 00:00:00.000",AL1388,CD0010,4,"2010-07-16 00:00:00.000",12,"2010-07-19 00:00:00.000",50000.00000000000000000000,4916.67000000000000000000,14870.00000000000000000000,.00000000000000000000,14870.00000000000000000000,.00000000000000000000,.00000000000000000000,6520.03000000000000000000,2,1,.18000000000000000000,2,KIVA
AL02316,"2010-07-21 00:00:00.000",M28428,CD0015,4,"2010-07-22 00:00:00.000",12,"2010-08-09 00:00:00.000",30000.00000000000000000000,2950.00000000000000000000,400.00000000000000000000,3450.00000000000000000000,.00000000000000000000,.00000000000000000000,.00000000000000000000,450.00000000000000000000,1,0,.18000000000000000000,2,KIVA
AL02439,"2010-07-28 00:00:00.000",AL1665,CD0032,4,"2010-08-09 00:00:00.000",12,"2010-08-13 00:00:00.000",40000.00000000000000000000,3933.34000000000000000000,19970.00000000000000000000,.00000000000000000000,22370.00000000000000000000,.00000000000000000000,.00000000000000000000,9036.72000000000000000000,2,1,.18000000000000000000,2,KIVA
AL02514,"2010-08-13 00:00:00.000",AL1672,CD0008,4,"2010-08-17 00:00:00.000",12,"2010-08-20 00:00:00.000",45000.00000000000000000000,4425.00000000000000000000,10075.00000000000000000000,.00000000000000000000,.00000000000000000000,.00000000000000000000,.00000000000000000000,.00000000000000000000,2,1,.18000000000000000000,2,KIVA
AL02515,"2010-08-13 00:00:00.000",AL1482,CD0008,4,"2010-08-17 00:00:00.000",12,"2010-08-20 00:00:00.000",35000.00000000000000000000,3441.67000000000000000000,8165.00000000000000000000,.00000000000000000000,.00000000000000000000,.00000000000000000000,.00000000000000000000,.00000000000000000000,2,1,.18000000000000000000,2,KIVA
AL02516,"2010-08-13 00:00:00.000",AL1478,CD0008,4,"2010-08-17 00:00:00.000",12,"2010-08-20 00:00:00.000",45000.00000000000000000000,4425.00000000000000000000,13875.00000000000000000000,.00000000000000000000,.00000000000000000000,.00000000000000000000,.00000000000000000000,.00000000000000000000,2,1,.18000000000000000000,2,KIVA
AL02517,"2010-08-13 00:00:00.000",AL1483,CD0008,4,"2010-08-17 00:00:00.000",12,"2010-08-20 00:00:00.000",45000.00000000000000000000,4425.00000000000000000000,17775.00000000000000000000,17775.00000000000000000000,.00000000000000000000,.00000000000000000000,.00000000000000000000,3275.00000000000000000000,2,1,.18000000000000000000,2,KIVA
AL02518,"2010-08-13 00:00:00.000",AL1479,CD0008,4,"2010-08-17 00:00:00.000",12,"2010-08-20 00:00:00.000",45000.00000000000000000000,4425.00000000000000000000,29312.00000000000000000000,.00000000000000000000,.00000000000000000000,29312.00000000000000000000,.00000000000000000000,14312.00000000000000000000,2,1,.18000000000000000000,2,KIVA
AL02519,"2010-08-13 00:00:00.000",AL1484,CD0008,4,"2010-08-17 00:00:00.000",12,"2010-08-20 00:00:00.000",45000.00000000000000000000,4425.00000000000000000000,20100.00000000000000000000,.00000000000000000000,20100.00000000000000000000,.00000000000000000000,.00000000000000000000,8850.00000000000000000000,2,1,.18000000000000000000,2,KIVA
AL02520,"2010-08-13 00:00:00.000",AL1572,CD0008,4,"2010-08-17 00:00:00.000",12,"2010-08-20 00:00:00.000",45000.00000000000000000000,4425.00000000000000000000,11250.00000000000000000000,.00000000000000000000,.00000000000000000000,.00000000000000000000,.00000000000000000000,.00000000000000000000,2,1,.18000000000000000000,2,KIVA
AL02521,"2010-08-13 00:00:00.000",AL1480,CD0008,4,"2010-08-17 00:00:00.000",12,"2010-08-20 00:00:00.000",45000.00000000000000000000,4425.00000000000000000000,11250.00000000000000000000,.00000000000000000000,.00000000000000000000,.00000000000000000000,.00000000000000000000,.00000000000000000000,2,1,.18000000000000000000,2,KIVA
AL02522,"2010-08-13 00:00:00.000",AL1485,CD0008,4,"2010-08-17 00:00:00.000",12,"2010-08-20 00:00:00.000",45000.00000000000000000000,4425.00000000000000000000,11250.00000000000000000000,.00000000000000000000,.00000000000000000000,.00000000000000000000,.00000000000000000000,.00000000000000000000,2,1,.18000000000000000000,2,KIVA
AL02523,"2010-08-13 00:00:00.000",AL1670,CD0008,4,"2010-08-17 00:00:00.000",12,"2010-08-20 00:00:00.000",45000.00000000000000000000,4425.00000000000000000000,11625.00000000000000000000,.00000000000000000000,.00000000000000000000,.00000000000000000000,.00000000000000000000,.00000000000000000000,2,1,.18000000000000000000,2,KIVA
AL02524,"2010-08-13 00:00:00.000",AL1477,CD0008,4,"2010-08-17 00:00:00.000",12,"2010-08-20 00:00:00.000",45000.00000000000000000000,4425.00000000000000000000,11250.00000000000000000000,.00000000000000000000,.00000000000000000000,.00000000000000000000,.00000000000000000000,.00000000000000000000,2,1,.18000000000000000000,2,KIVA
AL02554,"2010-08-17 00:00:00.000",AL1863,CD0032,4,"2010-08-23 00:00:00.000",18,"2010-08-26 00:00:00.000",50000.00000000000000000000,3527.78000000000000000000,24775.00000000000000000000,.00000000000000000000,.00000000000000000000,.00000000000000000000,.00000000000000000000,.00000000000000000000,2,1,.18000000000000000000,2,KIVA
AL02571,"2010-08-16 00:00:00.000",AL1695,CD0010,4,"2010-08-23 00:00:00.000",12,"2010-08-26 00:00:00.000",50000.00000000000000000000,4916.67000000000000000000,27980.00000000000000000000,.00000000000000000000,27980.00000000000000000000,.00000000000000000000,.00000000000000000000,12646.69000000000000000000,2,1,.18000000000000000000,2,KIVA
AL02578,"2010-08-18 00:00:00.000",AL1390,CD0010,4,"2010-08-23 00:00:00.000",12,"2010-08-26 00:00:00.000",40000.00000000000000000000,3933.34000000000000000000,18300.00000000000000000000,18300.00000000000000000000,.00000000000000000000,.00000000000000000000,.00000000000000000000,1633.38000000000000000000,2,1,.18000000000000000000,2,KIVA
AL02581,"2010-08-18 00:00:00.000",AL1384,CD0010,4,"2010-08-23 00:00:00.000",12,"2010-08-26 00:00:00.000",30000.00000000000000000000,2950.00000000000000000000,14200.00000000000000000000,.00000000000000000000,14200.00000000000000000000,.00000000000000000000,.00000000000000000000,4650.00000000000000000000,2,1,.18000000000000000000,2,KIVA
AL02582,"2010-08-18 00:00:00.000",AL1381,CD0010,4,"2010-08-23 00:00:00.000",12,"2010-08-26 00:00:00.000",50000.00000000000000000000,4916.67000000000000000000,18030.00000000000000000000,18030.00000000000000000000,.00000000000000000000,.00000000000000000000,.00000000000000000000,1346.69000000000000000000,2,1,.18000000000000000000,2,KIVA
AL02605,"2010-08-24 00:00:00.000",AL1890,CD0015,4,"2010-08-25 00:00:00.000",12,"2010-09-01 00:00:00.000",50000.00000000000000000000,4916.67000000000000000000,.00000000000000000000,.00000000000000000000,.00000000000000000000,.00000000000000000000,.00000000000000000000,.00000000000000000000,1,0,.18000000000000000000,2,KIVA
AL02635,"2010-08-30 00:00:00.000",M15453,CD0015,4,"2010-08-31 00:00:00.000",12,"2010-09-01 00:00:00.000",70000.00000000000000000000,6883.34000000000000000000,602.00000000000000000000,.00000000000000000000,.00000000000000000000,.00000000000000000000,.00000000000000000000,.00000000000000000000,1,0,.18000000000000000000,2,KIVA
AL02636,"2010-08-30 00:00:00.000",AL1724,CD0015,4,"2010-08-31 00:00:00.000",12,"2010-09-09 00:00:00.000",45000.00000000000000000000,4425.00000000000000000000,17550.00000000000000000000,.00000000000000000000,24950.00000000000000000000,.00000000000000000000,.00000000000000000000,6200.00000000000000000000,2,1,.18000000000000000000,2,KIVA
AL02637,"2010-08-30 00:00:00.000",AL1728,CD0015,4,"2010-08-31 00:00:00.000",12,"2010-09-09 00:00:00.000",45000.00000000000000000000,4425.00000000000000000000,21475.00000000000000000000,21475.00000000000000000000,.00000000000000000000,.00000000000000000000,.00000000000000000000,2725.00000000000000000000,2,1,.18000000000000000000,2,KIVA
AL02638,"2010-08-30 00:00:00.000",AL1741,CD0015,4,"2010-08-31 00:00:00.000",12,"2010-09-09 00:00:00.000",50000.00000000000000000000,4916.67000000000000000000,20940.00000000000000000000,.00000000000000000000,25840.00000000000000000000,.00000000000000000000,.00000000000000000000,5006.69000000000000000000,2,1,.18000000000000000000,2,KIVA
AL02639,"2010-08-30 00:00:00.000",AL1892,CD0015,4,"2010-08-31 00:00:00.000",12,"2010-09-01 00:00:00.000",50000.00000000000000000000,4916.67000000000000000000,33180.00000000000000000000,.00000000000000000000,.00000000000000000000,33180.00000000000000000000,.00000000000000000000,21430.03000000000000000000,1,0,.18000000000000000000,2,KIVA
AL02680,"2010-08-30 00:00:00.000",AL1089,CD0015,4,"2010-09-06 00:00:00.000",12,"2010-09-07 00:00:00.000",50000.00000000000000000000,4916.67000000000000000000,14820.00000000000000000000,14820.00000000000000000000,.00000000000000000000,.00000000000000000000,.00000000000000000000,750.00000000000000000000,2,1,.18000000000000000000,2,KIVA
AL02681,"2010-08-19 00:00:00.000",LM12785,CD0015,4,"2010-09-06 00:00:00.000",12,"2010-09-07 00:00:00.000",70000.00000000000000000000,6883.34000000000000000000,.00000000000000000000,.00000000000000000000,.00000000000000000000,.00000000000000000000,.00000000000000000000,.00000000000000000000,1,0,.18000000000000000000,2,KIVA
AL02682,"2010-09-02 00:00:00.000",AL1864,CD0032,4,"2010-09-06 00:00:00.000",18,"2010-09-09 00:00:00.000",53000.00000000000000000000,3739.45000000000000000000,29420.00000000000000000000,.00000000000000000000,.00000000000000000000,.00000000000000000000,.00000000000000000000,.00000000000000000000,2,1,.18000000000000000000,2,KIVA
AL02683,"2010-09-02 00:00:00.000",AL1866,CD0032,4,"2010-09-06 00:00:00.000",18,"2010-09-09 00:00:00.000",50000.00000000000000000000,3527.78000000000000000000,27770.00000000000000000000,.00000000000000000000,.00000000000000000000,.00000000000000000000,.00000000000000000000,.00000000000000000000,2,1,.18000000000000000000,2,KIVA
AL02690,"2010-08-31 00:00:00.000",AL1868,CD0032,4,"2010-09-06 00:00:00.000",18,"2010-09-09 00:00:00.000",50000.00000000000000000000,3527.78000000000000000000,27700.00000000000000000000,.00000000000000000000,.00000000000000000000,.00000000000000000000,.00000000000000000000,.00000000000000000000,2,1,.18000000000000000000,2,KIVA
AL02724,"2010-09-02 00:00:00.000",AL1148,CD0015,4,"2010-09-09 00:00:00.000",12,"2010-09-14 00:00:00.000",50000.00000000000000000000,4916.67000000000000000000,16000.00000000000000000000,.00000000000000000000,.00000000000000000000,.00000000000000000000,.00000000000000000000,.00000000000000000000,2,1,.18000000000000000000,2,KIVA
AL02725,"2010-09-02 00:00:00.000",AL1129,CD0015,4,"2010-09-09 00:00:00.000",12,"2010-09-14 00:00:00.000",50000.00000000000000000000,4916.67000000000000000000,.00000000000000000000,.00000000000000000000,.00000000000000000000,.00000000000000000000,.00000000000000000000,.00000000000000000000,2,1,.18000000000000000000,2,KIVA
AL02727,"2010-09-07 00:00:00.000",AL1883,CD0015,4,"2010-09-09 00:00:00.000",12,"2010-09-10 00:00:00.000",30000.00000000000000000000,2950.00000000000000000000,23300.00000000000000000000,.00000000000000000000,.00000000000000000000,23300.00000000000000000000,.00000000000000000000,10950.00000000000000000000,2,1,.18000000000000000000,2,KIVA
AL02767,"2010-09-10 00:00:00.000",AL1719,CD0015,4,"2010-09-13 00:00:00.000",12,"2010-09-16 00:00:00.000",50000.00000000000000000000,4916.67000000000000000000,7583.00000000000000000000,.00000000000000000000,.00000000000000000000,.00000000000000000000,.00000000000000000000,.00000000000000000000,1,0,.18000000000000000000,2,KIVA
AL02839,"2010-06-18 00:00:00.000",LM13692,CD0010,4,"2010-09-24 00:00:00.000",12,"2011-01-12 00:00:00.000",45000.00000000000000000000,4425.08050000000000000000,24037.02000000000000000000,.00000000000000000000,.00000000000000000000,.00000000000000000000,.00000000000000000000,.00000000000000000000,1,0,.31720000000000000000,3,KIVA
AL02840,"2010-09-07 00:00:00.000",M26294,CD0015,4,"2010-09-24 00:00:00.000",12,"2010-09-27 00:00:00.000",70000.00000000000000000000,6883.34000000000000000000,8925.00000000000000000000,15525.00000000000000000000,.00000000000000000000,.00000000000000000000,.00000000000000000000,2100.00000000000000000000,1,0,.18000000000000000000,2,KIVA
AL02863,"2010-09-16 00:00:00.000",AL1898,CD0015,4,"2010-09-27 00:00:00.000",12,"2010-09-29 00:00:00.000",50000.00000000000000000000,4916.67000000000000000000,16000.00000000000000000000,.00000000000000000000,.00000000000000000000,.00000000000000000000,.00000000000000000000,.00000000000000000000,2,1,.18000000000000000000,2,KIVA
AL02888,"2010-09-16 00:00:00.000",AL1836,CD0008,4,"2010-10-01 00:00:00.000",9,"2010-10-14 00:00:00.000",30000.00000000000000000000,3783.34000000000000000000,.00000000000000000000,.00000000000000000000,.00000000000000000000,.00000000000000000000,.00000000000000000000,.00000000000000000000,1,0,.18000000000000000000,2,KIVA
AL02889,"2010-09-16 00:00:00.000",AL1844,CD0008,4,"2010-10-01 00:00:00.000",9,"2010-10-14 00:00:00.000",45000.00000000000000000000,5675.00000000000000000000,.00000000000000000000,.00000000000000000000,.00000000000000000000,.00000000000000000000,.00000000000000000000,.00000000000000000000,1,0,.18000000000000000000,2,KIVA
AL02890,"2010-09-16 00:00:00.000",AL1840,CD0008,4,"2010-10-01 00:00:00.000",9,"2010-10-14 00:00:00.000",45000.00000000000000000000,5675.00000000000000000000,.00000000000000000000,.00000000000000000000,.00000000000000000000,.00000000000000000000,.00000000000000000000,.00000000000000000000,1,0,.18000000000000000000,2,KIVA
AL02891,"2010-09-16 00:00:00.000",AL2223,CD0008,4,"2010-10-01 00:00:00.000",12,"2010-10-14 00:00:00.000",45000.00000000000000000000,4425.00000000000000000000,23175.00000000000000000000,23175.00000000000000000000,.00000000000000000000,.00000000000000000000,.00000000000000000000,3750.00000000000000000000,2,1,.18000000000000000000,2,KIVA
AL02892,"2010-09-16 00:00:00.000",AL1020,CD0008,4,"2010-10-01 00:00:00.000",9,"2010-10-14 00:00:00.000",40000.00000000000000000000,5044.45000000000000000000,10596.00000000000000000000,.00000000000000000000,10596.00000000000000000000,.00000000000000000000,.00000000000000000000,10061.60000000000000000000,1,0,.18000000000000000000,2,KIVA
AL02893,"2010-09-16 00:00:00.000",AL1004,CD0008,4,"2010-10-01 00:00:00.000",9,"2010-10-14 00:00:00.000",20000.00000000000000000000,2522.23000000000000000000,.00000000000000000000,.00000000000000000000,.00000000000000000000,.00000000000000000000,.00000000000000000000,.00000000000000000000,1,0,.18000000000000000000,2,KIVA
AL02894,"2010-09-16 00:00:00.000",AL1842,CD0008,4,"2010-10-01 00:00:00.000",9,"2010-10-14 00:00:00.000",25000.00000000000000000000,3152.78000000000000000000,3255.00000000000000000000,3255.00000000000000000000,.00000000000000000000,.00000000000000000000,.00000000000000000000,2477.24000000000000000000,1,0,.18000000000000000000,2,KIVA
AL02895,"2010-09-16 00:00:00.000",AL1939,CD0008,4,"2010-10-01 00:00:00.000",12,"2010-10-14 00:00:00.000",25000.00000000000000000000,2458.34000000000000000000,.00000000000000000000,.00000000000000000000,.00000000000000000000,.00000000000000000000,.00000000000000000000,.00000000000000000000,1,0,.18000000000000000000,2,KIVA
AL02896,"2010-09-16 00:00:00.000",AL1843,CD0008,4,"2010-10-01 00:00:00.000",9,"2010-10-14 00:00:00.000",40000.00000000000000000000,5044.45000000000000000000,.00000000000000000000,.00000000000000000000,.00000000000000000000,.00000000000000000000,.00000000000000000000,.00000000000000000000,1,0,.18000000000000000000,2,KIVA
AL02897,"2010-09-16 00:00:00.000",AL1005,CD0008,4,"2010-10-01 00:00:00.000",12,"2010-10-14 00:00:00.000",45000.00000000000000000000,4425.00000000000000000000,18650.00000000000000000000,.00000000000000000000,.00000000000000000000,.00000000000000000000,.00000000000000000000,.00000000000000000000,2,1,.18000000000000000000,2,KIVA
AL02898,"2010-09-16 00:00:00.000",AL1940,CD0008,4,"2010-10-01 00:00:00.000",9,"2010-10-14 00:00:00.000",40000.00000000000000000000,5044.45000000000000000000,-1.00000000000000000000,.00000000000000000000,.00000000000000000000,.00000000000000000000,.00000000000000000000,.00000000000000000000,1,0,.18000000000000000000,2,KIVA
AL02899,"2010-09-23 00:00:00.000",AL1837,CD0008,4,"2010-10-01 00:00:00.000",12,"2010-10-14 00:00:00.000",35000.00000000000000000000,3441.67000000000000000000,10465.00000000000000000000,.00000000000000000000,.00000000000000000000,.00000000000000000000,.00000000000000000000,.00000000000000000000,1,0,.18000000000000000000,2,KIVA
AL02900,"2010-09-23 00:00:00.000",AL1835,CD0008,4,"2010-10-01 00:00:00.000",12,"2010-10-14 00:00:00.000",45000.00000000000000000000,4425.00000000000000000000,18625.00000000000000000000,.00000000000000000000,.00000000000000000000,.00000000000000000000,.00000000000000000000,.00000000000000000000,2,1,.18000000000000000000,2,KIVA
AL02901,"2010-09-16 00:00:00.000",AL1845,CD0008,4,"2010-10-01 00:00:00.000",9,"2010-10-14 00:00:00.000",20000.00000000000000000000,2522.23000000000000000000,6800.00000000000000000000,.00000000000000000000,6800.00000000000000000000,.00000000000000000000,.00000000000000000000,5654.84000000000000000000,1,0,.18000000000000000000,2,KIVA
AL02902,"2010-09-16 00:00:00.000",AL1841,CD0008,4,"2010-10-01 00:00:00.000",6,"2010-10-14 00:00:00.000",30000.00000000000000000000,5450.00000000000000000000,.00000000000000000000,.00000000000000000000,.00000000000000000000,.00000000000000000000,.00000000000000000000,.00000000000000000000,1,0,.18000000000000000000,2,KIVA
AL02903,"2010-09-23 00:00:00.000",AL1838,CD0008,4,"2010-10-01 00:00:00.000",12,"2010-10-14 00:00:00.000",45000.00000000000000000000,4425.00000000000000000000,17077.00000000000000000000,.00000000000000000000,.00000000000000000000,.00000000000000000000,.00000000000000000000,.00000000000000000000,2,1,.18000000000000000000,2,KIVA
AL02961,"2010-09-28 00:00:00.000",AL1869,CD0032,4,"2010-10-06 00:00:00.000",18,"2010-10-22 00:00:00.000",53000.00000000000000000000,3739.45000000000000000000,32380.00000000000000000000,.00000000000000000000,.00000000000000000000,.00000000000000000000,.00000000000000000000,.00000000000000000000,2,1,.18000000000000000000,2,KIVA
AL03011,"2010-10-01 00:00:00.000",AL1213,CD0015,4,"2010-10-12 00:00:00.000",12,"2010-10-18 00:00:00.000",60000.00000000000000000000,5900.00000000000000000000,15000.00000000000000000000,.00000000000000000000,.00000000000000000000,.00000000000000000000,.00000000000000000000,.00000000000000000000,1,0,.18000000000000000000,2,KIVA
AL03012,"2010-01-11 00:00:00.000",AL1210,CD0015,4,"2010-10-12 00:00:00.000",12,"2010-10-12 00:00:00.000",30000.00000000000000000000,2950.00000000000000000000,12560.00000000000000000000,15010.00000000000000000000,.00000000000000000000,.00000000000000000000,.00000000000000000000,10.00000000000000000000,2,1,.18000000000000000000,2,KIVA
AL03040,"2010-09-29 00:00:00.000",AL2106,CD0010,4,"2010-10-15 00:00:00.000",12,"2010-10-21 00:00:00.000",40000.00000000000000000000,3933.34000000000000000000,17268.00000000000000000000,20168.00000000000000000000,.00000000000000000000,.00000000000000000000,.00000000000000000000,168.04000000000000000000,2,1,.18000000000000000000,2,KIVA
AL03041,"2010-09-29 00:00:00.000",AL2095,CD0010,4,"2010-10-15 00:00:00.000",12,"2010-10-21 00:00:00.000",30000.00000000000000000000,2950.00000000000000000000,12500.00000000000000000000,.00000000000000000000,.00000000000000000000,.00000000000000000000,.00000000000000000000,.00000000000000000000,2,1,.18000000000000000000,2,KIVA
AL03042,"2010-09-29 00:00:00.000",AL2105,CD0010,4,"2010-10-15 00:00:00.000",12,"2010-10-21 00:00:00.000",45000.00000000000000000000,4425.00000000000000000000,20755.00000000000000000000,23080.00000000000000000000,.00000000000000000000,.00000000000000000000,.00000000000000000000,580.00000000000000000000,2,1,.18000000000000000000,2,KIVA
AL03043,"2010-09-29 00:00:00.000",AL2102,CD0010,4,"2010-10-15 00:00:00.000",12,"2010-10-21 00:00:00.000",35000.00000000000000000000,3441.67000000000000000000,17308.00000000000000000000,19283.00000000000000000000,.00000000000000000000,.00000000000000000000,.00000000000000000000,1783.02000000000000000000,2,1,.18000000000000000000,2,KIVA
AL03048,"2010-09-23 00:00:00.000",AL1914,CD0032,4,"2010-10-18 00:00:00.000",18,"2010-10-21 00:00:00.000",50000.00000000000000000000,3527.78000000000000000000,30320.00000000000000000000,.00000000000000000000,.00000000000000000000,.00000000000000000000,.00000000000000000000,.00000000000000000000,2,1,.18000000000000000000,2,KIVA
AL03052,"2010-09-24 00:00:00.000",AL1230,CD0032,4,"2010-10-18 00:00:00.000",6,"2010-10-28 00:00:00.000",50000.00000000000000000000,9083.34000000000000000000,.00000000000000000000,.00000000000000000000,.00000000000000000000,.00000000000000000000,.00000000000000000000,.00000000000000000000,2,1,.18000000000000000000,2,KIVA
AL03056,"2010-09-23 00:00:00.000",AL1557,CD0032,4,"2010-10-18 00:00:00.000",18,"2010-10-21 00:00:00.000",50000.00000000000000000000,3527.78000000000000000000,28120.00000000000000000000,.00000000000000000000,.00000000000000000000,.00000000000000000000,.00000000000000000000,.00000000000000000000,2,1,.18000000000000000000,2,KIVA
AL03073,"2010-08-19 00:00:00.000",AL1028,CD0008,4,"2010-10-21 00:00:00.000",12,"2010-11-11 00:00:00.000",45000.00000000000000000000,4425.00000000000000000000,17475.00000000000000000000,.00000000000000000000,.00000000000000000000,.00000000000000000000,.00000000000000000000,.00000000000000000000,2,1,.18000000000000000000,2,KIVA
AL03126,"2010-08-19 00:00:00.000",LM13936,CD0008,4,"2010-10-22 00:00:00.000",12,"2010-11-11 00:00:00.000",70000.00000000000000000000,6883.34000000000000000000,32500.00000000000000000000,.00000000000000000000,32500.00000000000000000000,.00000000000000000000,.00000000000000000000,16283.38000000000000000000,1,0,.18000000000000000000,2,KIVA
AL03140,"2010-10-18 00:00:00.000",LM12389,CD0015,4,"2010-10-26 00:00:00.000",12,"2010-10-29 00:00:00.000",50000.00000000000000000000,4916.67000000000000000000,15830.00000000000000000000,.00000000000000000000,.00000000000000000000,.00000000000000000000,.00000000000000000000,.00000000000000000000,1,0,.18000000000000000000,2,KIVA
AL03163,"2010-10-25 00:00:00.000",AL2225,CD0008,4,"2010-10-26 00:00:00.000",12,"2010-11-05 00:00:00.000",45000.00000000000000000000,4425.00000000000000000000,22500.00000000000000000000,.00000000000000000000,.00000000000000000000,.00000000000000000000,.00000000000000000000,.00000000000000000000,2,1,.18000000000000000000,2,KIVA
AL03172,"2010-10-13 00:00:00.000",LM12791,CD0015,4,"2010-10-28 00:00:00.000",12,"2010-10-29 00:00:00.000",40000.00000000000000000000,3933.34000000000000000000,17200.00000000000000000000,.00000000000000000000,23000.00000000000000000000,.00000000000000000000,.00000000000000000000,9666.72000000000000000000,1,0,.18000000000000000000,2,KIVA
AL03203,"2010-10-25 00:00:00.000",AL2397,CD0032,4,"2010-10-29 00:00:00.000",18,"2010-11-18 00:00:00.000",35000.00000000000000000000,2469.45000000000000000000,20811.00000000000000000000,.00000000000000000000,.00000000000000000000,.00000000000000000000,.00000000000000000000,.00000000000000000000,2,1,.18000000000000000000,2,KIVA
AL03221,"2010-10-31 00:00:00.000",LM12246,CD0015,4,"2010-11-04 00:00:00.000",12,"2010-11-08 00:00:00.000",60000.00000000000000000000,5900.00000000000000000000,37800.00000000000000000000,.00000000000000000000,40900.00000000000000000000,.00000000000000000000,.00000000000000000000,15900.00000000000000000000,1,0,.18000000000000000000,2,KIVA
AL03231,"2010-11-03 00:00:00.000",AL2417,CD0015,4,"2010-11-04 00:00:00.000",12,"2010-11-05 00:00:00.000",40000.00000000000000000000,3933.34000000000000000000,22400.00000000000000000000,25400.00000000000000000000,.00000000000000000000,.00000000000000000000,.00000000000000000000,2066.70000000000000000000,2,1,.18000000000000000000,2,KIVA
AL03232,"2010-10-03 00:00:00.000",AL1718,CD0015,4,"2010-11-04 00:00:00.000",12,"2010-11-05 00:00:00.000",40000.00000000000000000000,3933.34000000000000000000,28980.00000000000000000000,.00000000000000000000,30380.00000000000000000000,.00000000000000000000,.00000000000000000000,7746.70000000000000000000,2,1,.18000000000000000000,2,KIVA
AL03233,"2010-10-31 00:00:00.000",AL2418,CD0015,4,"2010-11-04 00:00:00.000",12,"2010-11-05 00:00:00.000",50000.00000000000000000000,4916.67000000000000000000,28163.00000000000000000000,32413.00000000000000000000,.00000000000000000000,.00000000000000000000,.00000000000000000000,3246.35000000000000000000,2,1,.18000000000000000000,2,KIVA
AL03247,"2010-11-03 00:00:00.000",AL2419,CD0015,4,"2010-11-09 00:00:00.000",12,"2010-11-10 00:00:00.000",50000.00000000000000000000,4916.67000000000000000000,32280.00000000000000000000,.00000000000000000000,36300.00000000000000000000,.00000000000000000000,.00000000000000000000,7133.35000000000000000000,2,1,.18000000000000000000,2,KIVA
AL03248,"2010-11-05 00:00:00.000",AL2420,CD0015,4,"2010-11-09 00:00:00.000",12,"2010-11-10 00:00:00.000",30000.00000000000000000000,2950.00000000000000000000,20400.00000000000000000000,.00000000000000000000,20400.00000000000000000000,.00000000000000000000,.00000000000000000000,3500.00000000000000000000,2,1,.18000000000000000000,2,KIVA
AL03249,"2010-11-03 00:00:00.000",AL1716,CD0015,4,"2010-11-09 00:00:00.000",12,"2010-11-11 00:00:00.000",45000.00000000000000000000,4425.00000000000000000000,22420.00000000000000000000,.00000000000000000000,.00000000000000000000,.00000000000000000000,.00000000000000000000,.00000000000000000000,2,1,.18000000000000000000,2,KIVA
AL03250,"2010-10-22 00:00:00.000",AL1720,CD0015,4,"2010-11-09 00:00:00.000",12,"2010-11-10 00:00:00.000",20000.00000000000000000000,1966.67000000000000000000,11000.00000000000000000000,12500.00000000000000000000,.00000000000000000000,.00000000000000000000,.00000000000000000000,833.35000000000000000000,2,1,.18000000000000000000,2,KIVA
AL03251,"2010-10-22 00:00:00.000",AL1714,CD0015,4,"2010-11-09 00:00:00.000",12,"2010-11-10 00:00:00.000",50000.00000000000000000000,4916.67000000000000000000,32930.00000000000000000000,32930.00000000000000000000,.00000000000000000000,.00000000000000000000,.00000000000000000000,3763.35000000000000000000,2,1,.18000000000000000000,2,KIVA
AL03252,"2010-10-22 00:00:00.000",AL1726,CD0015,4,"2010-11-09 00:00:00.000",12,"2010-11-10 00:00:00.000",25000.00000000000000000000,2458.34000000000000000000,14250.00000000000000000000,16350.00000000000000000000,.00000000000000000000,.00000000000000000000,.00000000000000000000,1766.70000000000000000000,2,1,.18000000000000000000,2,KIVA
AL03274,"2010-11-03 00:00:00.000",M23345,CD0015,4,"2010-11-09 00:00:00.000",12,"2010-11-10 00:00:00.000",30000.00000000000000000000,2950.00000000000000000000,12930.00000000000000000000,.00000000000000000000,.00000000000000000000,.00000000000000000000,.00000000000000000000,.00000000000000000000,2,1,.18000000000000000000,2,KIVA
AL03278,"2010-10-23 00:00:00.000",M26296,CD0015,4,"2010-11-09 00:00:00.000",12,"2010-11-10 00:00:00.000",60000.00000000000000000000,5900.00000000000000000000,20000.00000000000000000000,.00000000000000000000,.00000000000000000000,.00000000000000000000,.00000000000000000000,.00000000000000000000,2,1,.18000000000000000000,2,KIVA
AL03300,"2010-06-16 00:00:00.000",LM13627,CD0010,4,"2010-11-09 00:00:00.000",12,"2011-01-12 00:00:00.000",70000.00000000000000000000,6883.45860000000000000000,37775.99000000000000000000,37775.99000000000000000000,.00000000000000000000,.00000000000000000000,.00000000000000000000,56.76300000000000000000,1,0,.31720000000000000000,3,KIVA
AL03368,"2010-11-12 00:00:00.000",AL2461,CD0032,4,"2010-11-16 00:00:00.000",12,"2010-11-29 00:00:00.000",30000.00000000000000000000,2950.00000000000000000000,14700.00000000000000000000,.00000000000000000000,.00000000000000000000,.00000000000000000000,.00000000000000000000,.00000000000000000000,2,1,.18000000000000000000,2,KIVA
AL03410,"2010-11-11 00:00:00.000",AL1281,CD0015,4,"2010-11-18 00:00:00.000",12,"2010-11-22 00:00:00.000",30000.00000000000000000000,2950.00000000000000000000,15000.00000000000000000000,.00000000000000000000,.00000000000000000000,.00000000000000000000,.00000000000000000000,.00000000000000000000,2,1,.18000000000000000000,2,KIVA
AL03418,"2010-11-11 00:00:00.000",AL1090,CD0015,4,"2010-11-18 00:00:00.000",12,"2010-11-22 00:00:00.000",30000.00000000000000000000,2950.00000000000000000000,14850.00000000000000000000,.00000000000000000000,.00000000000000000000,.00000000000000000000,.00000000000000000000,.00000000000000000000,2,1,.18000000000000000000,2,KIVA
AL03458,"2010-11-12 00:00:00.000",AL2467,CD0032,4,"2010-11-26 00:00:00.000",18,"2010-11-29 00:00:00.000",50000.00000000000000000000,3527.78000000000000000000,35400.00000000000000000000,36650.00000000000000000000,.00000000000000000000,.00000000000000000000,.00000000000000000000,538.90000000000000000000,2,1,.18000000000000000000,2,KIVA
AL03459,"2010-11-12 00:00:00.000",AL2463,CD0032,4,"2010-11-26 00:00:00.000",12,"2010-11-29 00:00:00.000",62400.00000000000000000000,6136.00000000000000000000,18688.00000000000000000000,.00000000000000000000,.00000000000000000000,.00000000000000000000,.00000000000000000000,.00000000000000000000,1,0,.18000000000000000000,2,KIVA
AL03461,"2010-11-12 00:00:00.000",AL2466,CD0032,4,"2010-11-12 00:00:00.000",12,"2010-11-29 00:00:00.000",62400.00000000000000000000,6136.00000000000000000000,24888.00000000000000000000,30016.00000000000000000000,.00000000000000000000,.00000000000000000000,.00000000000000000000,4016.00000000000000000000,1,0,.18000000000000000000,2,KIVA
AL03534,"2010-11-22 00:00:00.000",AL2546,CD0008,4,"2010-11-29 00:00:00.000",12,"2010-12-08 00:00:00.000",45000.00000000000000000000,4425.00000000000000000000,37500.00000000000000000000,.00000000000000000000,37500.00000000000000000000,.00000000000000000000,.00000000000000000000,7500.00000000000000000000,2,1,.18000000000000000000,2,KIVA
AL03536,"2010-11-22 00:00:00.000",AL2477,CD0008,4,"2010-11-29 00:00:00.000",12,"2010-12-08 00:00:00.000",45000.00000000000000000000,4425.00000000000000000000,27700.00000000000000000000,27700.00000000000000000000,.00000000000000000000,.00000000000000000000,.00000000000000000000,25.00000000000000000000,2,1,.18000000000000000000,2,KIVA
AL03559,"2010-11-22 00:00:00.000",AL2537,CD0008,4,"2010-11-29 00:00:00.000",12,"2010-12-08 00:00:00.000",45000.00000000000000000000,4425.00000000000000000000,30000.00000000000000000000,.00000000000000000000,.00000000000000000000,.00000000000000000000,.00000000000000000000,.00000000000000000000,2,1,.18000000000000000000,2,KIVA
AL03560,"2010-11-22 00:00:00.000",AL2479,CD0008,4,"2010-11-29 00:00:00.000",12,"2010-12-08 00:00:00.000",45000.00000000000000000000,4425.00000000000000000000,27175.00000000000000000000,.00000000000000000000,.00000000000000000000,.00000000000000000000,.00000000000000000000,.00000000000000000000,2,1,.18000000000000000000,2,KIVA
AL03704,"2010-12-06 00:00:00.000",AL2541,CD0008,4,"2010-12-07 00:00:00.000",12,"2011-01-10 00:00:00.000",45000.00000000000000000000,4425.08050000000000000000,24246.49000000000000000000,24246.49000000000000000000,.00000000000000000000,.00000000000000000000,.00000000000000000000,11.88000000000000000000,1,0,.31720000000000000000,3,KIVA
AL03710,"2010-11-29 00:00:00.000",AL0893,CD0032,4,"2010-12-07 00:00:00.000",18,"2011-01-11 00:00:00.000",62400.00000000000000000000,4402.67000000000000000000,47352.00000000000000000000,50352.00000000000000000000,.00000000000000000000,.00000000000000000000,.00000000000000000000,2882.68000000000000000000,2,0,.18000000000000000000,2,KIVA
AL03737,"2010-11-25 00:00:00.000",AL2054,CD0032,4,"2010-12-09 00:00:00.000",12,"2011-01-13 00:00:00.000",40000.00000000000000000000,3933.34000000000000000000,30534.00000000000000000000,30534.00000000000000000000,.00000000000000000000,.00000000000000000000,.00000000000000000000,534.02000000000000000000,2,1,.18000000000000000000,2,KIVA
AL03740,"2010-11-25 00:00:00.000",AL2058,CD0032,4,"2010-12-09 00:00:00.000",12,"2011-01-13 00:00:00.000",50000.00000000000000000000,4916.67000000000000000000,38166.00000000000000000000,38166.00000000000000000000,.00000000000000000000,.00000000000000000000,.00000000000000000000,666.01000000000000000000,2,1,.18000000000000000000,2,KIVA
AL03741,"2010-11-25 00:00:00.000",AL2052,CD0032,4,"2010-12-09 00:00:00.000",12,"2011-01-13 00:00:00.000",40000.00000000000000000000,3933.34000000000000000000,30534.00000000000000000000,30534.00000000000000000000,.00000000000000000000,.00000000000000000000,.00000000000000000000,534.02000000000000000000,2,1,.18000000000000000000,2,KIVA
AL03742,"2010-11-25 00:00:00.000",AL2055,CD0032,4,"2010-12-09 00:00:00.000",12,"2011-01-13 00:00:00.000",30000.00000000000000000000,2950.00000000000000000000,.00000000000000000000,.00000000000000000000,.00000000000000000000,.00000000000000000000,.00000000000000000000,.00000000000000000000,"",1,.18000000000000000000,2,KIVA
AL03754,"2010-08-18 00:00:00.000",LM13876,CD0010,4,"2010-12-10 00:00:00.000",12,"2011-01-12 00:00:00.000",50000.00000000000000000000,4916.75610000000000000000,46048.74000000000000000000,.00000000000000000000,46048.74000000000000000000,.00000000000000000000,.00000000000000000000,7121.00830000000000000000,2,1,.31720000000000000000,3,KIVA
AL03760,"2010-08-18 00:00:00.000",LM13625,CD0010,4,"2010-12-10 00:00:00.000",12,"2011-01-12 00:00:00.000",50000.00000000000000000000,4916.75610000000000000000,31543.84000000000000000000,31543.84000000000000000000,.00000000000000000000,.00000000000000000000,.00000000000000000000,1825.63050000000000000000,1,0,.31720000000000000000,3,KIVA
AL03764,"2010-06-09 00:00:00.000",LM13629,CD0015,4,"2010-12-10 00:00:00.000",12,"2011-01-12 00:00:00.000",35000.00000000000000000000,3441.72930000000000000000,28029.86000000000000000000,.00000000000000000000,28029.86000000000000000000,.00000000000000000000,.00000000000000000000,6296.50650000000000000000,1,0,.31720000000000000000,3,KIVA
AL03795,"2010-12-01 00:00:00.000",AL2050,CD0032,4,"2010-12-20 00:00:00.000",9,"2011-01-13 00:00:00.000",35000.00000000000000000000,4413.89000000000000000000,23330.00000000000000000000,23330.00000000000000000000,.00000000000000000000,.00000000000000000000,.00000000000000000000,3885.56000000000000000000,2,0,.18000000000000000000,2,KIVA
AL03802,"2010-12-10 00:00:00.000",AL2121,CD0010,4,"2010-12-20 00:00:00.000",12,"2011-01-14 00:00:00.000",50000.00000000000000000000,4916.67000000000000000000,38916.00000000000000000000,38916.00000000000000000000,.00000000000000000000,.00000000000000000000,.00000000000000000000,1416.01000000000000000000,2,1,.18000000000000000000,2,KIVA
AL03803,"2010-12-10 00:00:00.000",AL2122,CD0010,4,"2010-12-20 00:00:00.000",12,"2011-01-14 00:00:00.000",30000.00000000000000000000,2950.00000000000000000000,23400.00000000000000000000,23400.00000000000000000000,.00000000000000000000,.00000000000000000000,.00000000000000000000,900.00000000000000000000,2,1,.18000000000000000000,2,KIVA
AL03805,"2010-12-10 00:00:00.000",AL2123,CD0010,4,"2010-12-20 00:00:00.000",6,"2011-01-14 00:00:00.000",25000.00000000000000000000,4541.67000000000000000000,6625.00000000000000000000,6625.00000000000000000000,.00000000000000000000,.00000000000000000000,.00000000000000000000,2458.35000000000000000000,1,0,.18000000000000000000,2,KIVA
AL03806,"2010-12-10 00:00:00.000",AL2115,CD0010,4,"2010-12-20 00:00:00.000",12,"2011-01-11 00:00:00.000",40000.00000000000000000000,3933.34000000000000000000,31201.00000000000000000000,31201.00000000000000000000,.00000000000000000000,.00000000000000000000,.00000000000000000000,1201.02000000000000000000,2,1,.18000000000000000000,2,KIVA
AL03809,"2010-12-10 00:00:00.000",AL2114,CD0010,4,"2010-12-20 00:00:00.000",12,"2011-01-14 00:00:00.000",50000.00000000000000000000,4916.67000000000000000000,39283.00000000000000000000,39283.00000000000000000000,.00000000000000000000,.00000000000000000000,.00000000000000000000,1783.01000000000000000000,2,1,.18000000000000000000,2,KIVA
AL03904,"2011-01-07 00:00:00.000",AL1791,CD0032,4,"2011-01-10 00:00:00.000",18,"2011-01-20 00:00:00.000",60000.00000000000000000000,4232.03860000000000000000,50227.00000000000000000000,50227.00000000000000000000,.00000000000000000000,.00000000000000000000,.00000000000000000000,1272.90580000000000000000,2,1,.31720000000000000000,3,KIVA
AL03905,"2011-01-07 00:00:00.000",AL1788,CD0032,4,"2011-01-10 00:00:00.000",18,"2011-01-20 00:00:00.000",60000.00000000000000000000,4232.03860000000000000000,50278.32000000000000000000,53172.79000000000000000000,.00000000000000000000,.00000000000000000000,.00000000000000000000,1322.90580000000000000000,2,1,.31720000000000000000,3,KIVA
AL03906,"2011-01-07 00:00:00.000",AL1786,CD0032,4,"2011-01-10 00:00:00.000",18,"2011-01-20 00:00:00.000",60000.00000000000000000000,4232.03860000000000000000,.00000000000000000000,.00000000000000000000,.00000000000000000000,.00000000000000000000,.00000000000000000000,.00000000000000000000,2,1,.31720000000000000000,3,KIVA
AL03907,"2011-01-10 00:00:00.000",AL2702,CD0032,4,"2011-01-10 00:00:00.000",18,"2011-01-20 00:00:00.000",50000.00000000000000000000,3526.69880000000000000000,42206.30000000000000000000,42206.30000000000000000000,.00000000000000000000,.00000000000000000000,.00000000000000000000,1222.91640000000000000000,2,1,.31720000000000000000,3,KIVA
AL03908,"2010-01-07 00:00:00.000",AL1787,CD0032,4,"2011-01-10 00:00:00.000",18,"2011-01-20 00:00:00.000",50000.00000000000000000000,3526.69880000000000000000,42076.30000000000000000000,42076.30000000000000000000,.00000000000000000000,.00000000000000000000,.00000000000000000000,1222.91640000000000000000,2,1,.31720000000000000000,3,KIVA
AL03910,"2011-01-07 00:00:00.000",AL2456,CD0032,4,"2011-01-10 00:00:00.000",18,"2011-01-20 00:00:00.000",60000.00000000000000000000,4232.03860000000000000000,50227.00000000000000000000,50227.00000000000000000000,.00000000000000000000,.00000000000000000000,.00000000000000000000,1272.90580000000000000000,2,1,.31720000000000000000,3,KIVA
AL04207,"2011-02-02 00:00:00.000",AL3064,CD0010,4,"2011-02-04 00:00:00.000",12,"2011-02-14 00:00:00.000",40000.00000000000000000000,3933.40490000000000000000,32738.74000000000000000000,35727.35000000000000000000,.00000000000000000000,.00000000000000000000,.00000000000000000000,1556.15980000000000000000,2,1,.31720000000000000000,3,KIVA
AL04208,"2010-02-02 00:00:00.000",AL3178,CD0010,4,"2011-02-04 00:00:00.000",12,"2011-02-14 00:00:00.000",50000.00000000000000000000,4916.75610000000000000000,42227.19000000000000000000,45930.10000000000000000000,.00000000000000000000,.00000000000000000000,.00000000000000000000,3214.61220000000000000000,2,1,.31720000000000000000,3,KIVA
AL04209,"2011-02-02 00:00:00.000",AL2997,CD0010,4,"2011-02-04 00:00:00.000",12,"2011-02-14 00:00:00.000",30000.00000000000000000000,2950.05370000000000000000,24553.29000000000000000000,26795.01000000000000000000,.00000000000000000000,.00000000000000000000,.00000000000000000000,1166.11740000000000000000,2,1,.31720000000000000000,3,KIVA
AL04238,"2011-02-02 00:00:00.000",AL3000,CD0010,4,"2011-02-04 00:00:00.000",12,"2011-02-14 00:00:00.000",30000.00000000000000000000,2950.05370000000000000000,24553.29000000000000000000,26795.01000000000000000000,.00000000000000000000,.00000000000000000000,.00000000000000000000,1166.11740000000000000000,2,1,.31720000000000000000,3,KIVA
AL04241,"2011-02-02 00:00:00.000",AL2999,CD0010,4,"2011-02-04 00:00:00.000",12,"2011-02-16 00:00:00.000",30000.00000000000000000000,2950.05370000000000000000,24553.29000000000000000000,26795.01000000000000000000,.00000000000000000000,.00000000000000000000,.00000000000000000000,1166.11740000000000000000,2,1,.31720000000000000000,3,KIVA
AL04261,"2011-02-02 00:00:00.000",AL0887,CD0032,4,"2011-02-09 00:00:00.000",20,"2011-02-21 00:00:00.000",70000.00000000000000000000,4551.31980000000000000000,61838.06000000000000000000,65116.81000000000000000000,.00000000000000000000,.00000000000000000000,.00000000000000000000,590.44960000000000000000,2,1,.31720000000000000000,3,KIVA
AL04331,"2011-02-11 00:00:00.000",AL2172,CD0010,4,"2011-02-14 00:00:00.000",12,"2011-02-24 00:00:00.000",50000.00000000000000000000,4916.75610000000000000000,46110.19000000000000000000,46110.19000000000000000000,.00000000000000000000,.00000000000000000000,.00000000000000000000,3394.70220000000000000000,2,1,.31720000000000000000,3,KIVA
AL04333,"2011-01-20 00:00:00.000",AL2110,CD0010,4,"2011-02-14 00:00:00.000",12,"2011-02-24 00:00:00.000",50000.00000000000000000000,4916.75610000000000000000,45054.33000000000000000000,45054.33000000000000000000,.00000000000000000000,.00000000000000000000,.00000000000000000000,2338.84220000000000000000,2,1,.31720000000000000000,3,KIVA
AL04337,"2011-02-11 00:00:00.000",AL0409,CD0010,4,"2011-02-14 00:00:00.000",12,"2011-02-22 00:00:00.000",60000.00000000000000000000,5900.10730000000000000000,44350.79000000000000000000,.00000000000000000000,48956.70000000000000000000,.00000000000000000000,.00000000000000000000,6909.12920000000000000000,1,0,.31720000000000000000,3,KIVA
AL04338,"2011-01-20 00:00:00.000",AL2116,CD0010,4,"2011-02-14 00:00:00.000",12,"2011-02-24 00:00:00.000",50000.00000000000000000000,4916.75610000000000000000,45054.33000000000000000000,45054.33000000000000000000,.00000000000000000000,.00000000000000000000,.00000000000000000000,2338.84220000000000000000,2,1,.31720000000000000000,3,KIVA
AL04341,"2011-02-10 00:00:00.000",M13793,CD0010,4,"2011-02-14 00:00:00.000",12,"2011-02-21 00:00:00.000",40000.00000000000000000000,3933.40490000000000000000,26155.54000000000000000000,29378.96000000000000000000,.00000000000000000000,.00000000000000000000,.00000000000000000000,1348.57960000000000000000,1,0,.31720000000000000000,3,KIVA
AL04379,"2011-01-24 00:00:00.000",AL0383,CD0015,4,"2011-02-17 00:00:00.000",12,"2011-02-23 00:00:00.000",80000.00000000000000000000,7866.80980000000000000000,58645.44000000000000000000,63645.44000000000000000000,.00000000000000000000,.00000000000000000000,.00000000000000000000,7581.67920000000000000000,1,0,.31720000000000000000,3,KIVA
AL04394,"2011-02-14 00:00:00.000",AL3291,CD0015,4,"2011-02-17 00:00:00.000",12,"2011-02-24 00:00:00.000",25000.00000000000000000000,2458.37810000000000000000,20763.24000000000000000000,20763.24000000000000000000,.00000000000000000000,.00000000000000000000,.00000000000000000000,1265.98620000000000000000,2,1,.31720000000000000000,3,KIVA
AL04396,"2011-02-14 00:00:00.000",AL3298,CD0015,4,"2011-02-17 00:00:00.000",12,"2011-02-24 00:00:00.000",60000.00000000000000000000,5900.10730000000000000000,49829.34000000000000000000,49829.34000000000000000000,.00000000000000000000,.00000000000000000000,.00000000000000000000,3036.37460000000000000000,2,1,.31720000000000000000,3,KIVA
AL04397,"2011-02-14 00:00:00.000",AL3293,CD0015,4,"2011-02-17 00:00:00.000",12,"2011-02-24 00:00:00.000",35000.00000000000000000000,3441.72930000000000000000,30092.53000000000000000000,30092.53000000000000000000,.00000000000000000000,.00000000000000000000,.00000000000000000000,2770.38860000000000000000,2,1,.31720000000000000000,3,KIVA
AL04398,"2011-02-14 00:00:00.000",AL3299,CD0015,4,"2011-02-17 00:00:00.000",12,"2011-02-24 00:00:00.000",30000.00000000000000000000,2950.05370000000000000000,24079.19000000000000000000,24079.19000000000000000000,.00000000000000000000,.00000000000000000000,.00000000000000000000,704.22740000000000000000,2,1,.31720000000000000000,3,KIVA
AL04435,"2011-02-16 00:00:00.000",AL3001,CD0010,4,"2011-02-23 00:00:00.000",12,"2011-03-04 00:00:00.000",45000.00000000000000000000,4425.08050000000000000000,36829.94000000000000000000,40192.52000000000000000000,.00000000000000000000,.00000000000000000000,.00000000000000000000,1748.68100000000000000000,2,1,.31720000000000000000,3,KIVA
AL04436,"2011-02-16 00:00:00.000",AL2987,CD0010,4,"2011-02-23 00:00:00.000",12,"2011-03-04 00:00:00.000",40000.00000000000000000000,3933.40490000000000000000,32668.16000000000000000000,35658.58000000000000000000,.00000000000000000000,.00000000000000000000,.00000000000000000000,1487.38980000000000000000,2,1,.31720000000000000000,3,KIVA
AL04518,"2011-03-03 00:00:00.000",AL3289,CD0015,4,"2011-03-03 00:00:00.000",12,"2011-03-10 00:00:00.000",20000.00000000000000000000,1966.70250000000000000000,18101.44000000000000000000,18101.44000000000000000000,.00000000000000000000,.00000000000000000000,.00000000000000000000,987.38250000000000000000,2,1,.31720000000000000000,3,KIVA
AL04519,"2011-03-03 00:00:00.000",AL3288,CD0015,4,"2011-03-03 00:00:00.000",12,"2011-03-10 00:00:00.000",60000.00000000000000000000,5900.10730000000000000000,52744.00000000000000000000,.00000000000000000000,.00000000000000000000,.00000000000000000000,.00000000000000000000,.00000000000000000000,2,1,.31720000000000000000,3,KIVA
AL04521,"2011-03-03 00:00:00.000",AL3278,CD0015,4,"2011-03-03 00:00:00.000",12,"2011-03-10 00:00:00.000",40000.00000000000000000000,3933.40490000000000000000,36157.71000000000000000000,36157.71000000000000000000,.00000000000000000000,.00000000000000000000,.00000000000000000000,1970.72490000000000000000,2,1,.31720000000000000000,3,KIVA
AL04526,"2011-01-17 00:00:00.000",AL1792,CD0032,4,"2011-01-10 00:00:00.000",18,"2011-01-20 00:00:00.000",60000.00000000000000000000,4232.03860000000000000000,52356.59000000000000000000,.00000000000000000000,52356.59000000000000000000,.00000000000000000000,.00000000000000000000,9325.21300000000000000000,2,1,.31720000000000000000,3,KIVA
AL04621,"2011-02-10 00:00:00.000",AL1311,CD0015,4,"2011-03-07 00:00:00.000",12,"2011-03-21 00:00:00.000",50000.00000000000000000000,4916.75610000000000000000,34795.59000000000000000000,34795.59000000000000000000,.00000000000000000000,.00000000000000000000,.00000000000000000000,7.25000000000000000000,1,0,.31720000000000000000,3,KIVA
AL04622,"2011-03-03 00:00:00.000",LM12788,CD0015,4,"2011-03-14 00:00:00.000",12,"2011-03-21 00:00:00.000",30000.00000000000000000000,2950.05370000000000000000,21143.94000000000000000000,24093.94000000000000000000,.00000000000000000000,.00000000000000000000,.00000000000000000000,57.03000000000000000000,1,1,.31720000000000000000,3,KIVA
AL04623,"2011-03-03 00:00:00.000",AL2926,CD0015,4,"2011-03-14 00:00:00.000",12,"2011-03-21 00:00:00.000",50000.00000000000000000000,4916.75610000000000000000,34692.95000000000000000000,34692.95000000000000000000,.00000000000000000000,.00000000000000000000,.00000000000000000000,294.59000000000000000000,2,1,.31720000000000000000,3,KIVA
AL04624,"2011-03-09 00:00:00.000",LM12245,CD0015,4,"2011-03-14 00:00:00.000",12,"2011-03-21 00:00:00.000",40000.00000000000000000000,3933.40490000000000000000,21873.66000000000000000000,26084.17000000000000000000,.00000000000000000000,.00000000000000000000,.00000000000000000000,76.83000000000000000000,1,0,.31720000000000000000,3,KIVA
AL04626,"2011-03-03 00:00:00.000",LM12195,CD0015,4,"2011-03-14 00:00:00.000",12,"2011-03-21 00:00:00.000",80000.00000000000000000000,7866.80980000000000000000,58920.77000000000000000000,.00000000000000000000,78836.85000000000000000000,.00000000000000000000,.00000000000000000000,16552.27940000000000000000,1,0,.31720000000000000000,3,KIVA
AL04629,"2011-03-09 00:00:00.000",AL3479,CD0015,4,"2011-03-14 00:00:00.000",12,"2011-03-21 00:00:00.000",40000.00000000000000000000,3933.40490000000000000000,35037.30000000000000000000,35037.30000000000000000000,.00000000000000000000,.00000000000000000000,.00000000000000000000,908.39490000000000000000,2,1,.31720000000000000000,3,KIVA
AL04630,"2011-03-09 00:00:00.000",AL3476,CD0015,4,"2011-03-14 00:00:00.000",12,"2011-03-21 00:00:00.000",35000.00000000000000000000,3441.72930000000000000000,30715.22000000000000000000,30715.22000000000000000000,.00000000000000000000,.00000000000000000000,.00000000000000000000,797.23930000000000000000,2,1,.31720000000000000000,3,KIVA
AL04631,"2011-03-09 00:00:00.000",AL3478,CD0015,4,"2011-03-14 00:00:00.000",12,"2011-03-21 00:00:00.000",40000.00000000000000000000,3933.40490000000000000000,35097.30000000000000000000,35097.30000000000000000000,.00000000000000000000,.00000000000000000000,.00000000000000000000,908.39490000000000000000,2,1,.31720000000000000000,3,KIVA
AL04759,"2011-03-02 00:00:00.000",AL3287,CD0015,4,"2011-03-30 00:00:00.000",12,"2011-04-07 00:00:00.000",45000.00000000000000000000,4425.08050000000000000000,42793.50000000000000000000,.00000000000000000000,.00000000000000000000,.00000000000000000000,.00000000000000000000,.00000000000000000000,2,1,.31720000000000000000,3,KIVA
AL04827,"2011-03-11 00:00:00.000",AL3297,CD0015,4,"2011-04-04 00:00:00.000",12,"2011-04-07 00:00:00.000",50000.00000000000000000000,4916.75610000000000000000,47545.01000000000000000000,.00000000000000000000,.00000000000000000000,.00000000000000000000,.00000000000000000000,.00000000000000000000,2,1,.31720000000000000000,3,KIVA
AL04829,"2011-04-01 00:00:00.000",AL3286,CD0015,4,"2011-04-04 00:00:00.000",12,"2011-04-07 00:00:00.000",25000.00000000000000000000,2458.37810000000000000000,23772.49000000000000000000,.00000000000000000000,.00000000000000000000,.00000000000000000000,.00000000000000000000,.00000000000000000000,2,1,.31720000000000000000,3,KIVA
AL05287,"2011-04-26 00:00:00.000",AL3656,CD0010,4,"2011-05-16 00:00:00.000",12,"2011-05-18 00:00:00.000",62800.00000000000000000000,6175.44570000000000000000,62800.00000000000000000000,.00000000000000000000,.00000000000000000000,.00000000000000000000,.00000000000000000000,.00000000000000000000,2,1,.31720000000000000000,3,KIVA
AL05288,"2011-04-26 00:00:00.000",AL3651,CD0010,4,"2011-05-16 00:00:00.000",12,"2011-05-18 00:00:00.000",20933.00000000000000000000,2058.44920000000000000000,20933.00000000000000000000,.00000000000000000000,.00000000000000000000,.00000000000000000000,.00000000000000000000,.00000000000000000000,2,1,.31720000000000000000,3,KIVA
AL05289,"2011-04-26 00:00:00.000",AL3649,CD0010,4,"2011-05-16 00:00:00.000",12,"2011-05-18 00:00:00.000",36634.00000000000000000000,3602.40890000000000000000,36634.00000000000000000000,.00000000000000000000,.00000000000000000000,.00000000000000000000,.00000000000000000000,.00000000000000000000,2,1,.31720000000000000000,3,KIVA
AL05290,"2011-04-26 00:00:00.000",AL3657,CD0010,4,"2011-05-16 00:00:00.000",12,"2011-05-18 00:00:00.000",20933.00000000000000000000,2058.44920000000000000000,20933.00000000000000000000,.00000000000000000000,.00000000000000000000,.00000000000000000000,.00000000000000000000,.00000000000000000000,2,1,.31720000000000000000,3,KIVA
AL05291,"2011-04-26 00:00:00.000",AL3577,CD0010,4,"2011-05-16 00:00:00.000",12,"2011-05-18 00:00:00.000",26167.00000000000000000000,2573.13520000000000000000,26167.00000000000000000000,.00000000000000000000,.00000000000000000000,.00000000000000000000,.00000000000000000000,.00000000000000000000,2,1,.31720000000000000000,3,KIVA
AL05340,"2011-05-15 00:00:00.000",LM12721,CD0015,4,"2011-05-17 00:00:00.000",12,"2011-05-23 00:00:00.000",30000.00000000000000000000,2950.05370000000000000000,24793.00000000000000000000,.00000000000000000000,.00000000000000000000,.00000000000000000000,.00000000000000000000,.00000000000000000000,2,1,.31720000000000000000,3,KIVA
AL05352,"2011-05-15 00:00:00.000",AL0626,CD0010,4,"2011-05-17 00:00:00.000",12,"2011-05-23 00:00:00.000",50000.00000000000000000000,4916.75610000000000000000,46973.34000000000000000000,46973.34000000000000000000,.00000000000000000000,.00000000000000000000,.00000000000000000000,3595.08610000000000000000,1,0,.31720000000000000000,3,KIVA
AL05404,"2011-04-25 00:00:00.000",AL3798,CD0010,4,"2011-05-20 00:00:00.000",12,"2011-05-23 00:00:00.000",41600.00000000000000000000,4090.74110000000000000000,41600.00000000000000000000,.00000000000000000000,.00000000000000000000,.00000000000000000000,.00000000000000000000,.00000000000000000000,2,1,.31720000000000000000,3,KIVA
AL05410,"2011-05-15 00:00:00.000",AL3792,CD0015,4,"2011-05-20 00:00:00.000",12,"2011-05-24 00:00:00.000",60000.00000000000000000000,5900.10730000000000000000,60000.00000000000000000000,.00000000000000000000,.00000000000000000000,.00000000000000000000,.00000000000000000000,.00000000000000000000,2,1,.31720000000000000000,3,KIVA
AL05411,"2011-05-15 00:00:00.000",AL3295,CD0015,4,"2011-05-20 00:00:00.000",12,"2011-05-23 00:00:00.000",25000.00000000000000000000,2458.37810000000000000000,24625.00000000000000000000,.00000000000000000000,.00000000000000000000,.00000000000000000000,.00000000000000000000,.00000000000000000000,2,1,.31720000000000000000,3,KIVA
AL05412,"2011-05-15 00:00:00.000",AL3282,CD0015,4,"2011-05-20 00:00:00.000",12,"2011-05-23 00:00:00.000",25000.00000000000000000000,2458.37810000000000000000,24625.00000000000000000000,.00000000000000000000,.00000000000000000000,.00000000000000000000,.00000000000000000000,.00000000000000000000,2,1,.31720000000000000000,3,KIVA
AL05414,"2011-05-15 00:00:00.000",AL3294,CD0015,4,"2011-05-20 00:00:00.000",12,"2011-05-24 00:00:00.000",60000.00000000000000000000,5900.10730000000000000000,60000.00000000000000000000,.00000000000000000000,.00000000000000000000,.00000000000000000000,.00000000000000000000,.00000000000000000000,2,1,.31720000000000000000,3,KIVA
AL05426,"2011-05-18 00:00:00.000",AL0635,CD0010,4,"2011-05-24 00:00:00.000",12,"2011-06-09 00:00:00.000",30000.00000000000000000000,2950.05370000000000000000,25993.00000000000000000000,.00000000000000000000,.00000000000000000000,.00000000000000000000,.00000000000000000000,.00000000000000000000,1,0,.31720000000000000000,3,KIVA
AL05427,"2011-05-15 00:00:00.000",M18098,CD0015,4,"2011-05-24 00:00:00.000",12,"2011-06-20 00:00:00.000",50000.00000000000000000000,4916.75610000000000000000,46401.67000000000000000000,.00000000000000000000,.00000000000000000000,.00000000000000000000,.00000000000000000000,.00000000000000000000,1,0,.31720000000000000000,3,KIVA
AL05535,"2011-05-18 00:00:00.000",AL0346,CD0010,4,"2011-06-02 00:00:00.000",12,"2011-06-06 00:00:00.000",50000.00000000000000000000,4916.75610000000000000000,41189.50000000000000000000,.00000000000000000000,.00000000000000000000,.00000000000000000000,.00000000000000000000,.00000000000000000000,1,0,.31720000000000000000,3,KIVA
AL05542,"2011-05-28 00:00:00.000",AL3684,CD0010,4,"2011-06-02 00:00:00.000",12,"2011-06-03 00:00:00.000",52333.00000000000000000000,5146.17200000000000000000,52333.00000000000000000000,.00000000000000000000,.00000000000000000000,.00000000000000000000,.00000000000000000000,.00000000000000000000,2,1,.31720000000000000000,3,KIVA
AL05543,"2011-05-28 00:00:00.000",AL3687,CD0010,4,"2011-06-02 00:00:00.000",12,"2011-06-03 00:00:00.000",52333.00000000000000000000,5146.17200000000000000000,52333.00000000000000000000,.00000000000000000000,.00000000000000000000,.00000000000000000000,.00000000000000000000,.00000000000000000000,2,1,.31720000000000000000,3,KIVA
AL05544,"2011-05-28 00:00:00.000",AL3688,CD0010,4,"2011-06-02 00:00:00.000",12,"2011-06-03 00:00:00.000",52333.00000000000000000000,5146.17200000000000000000,52333.00000000000000000000,.00000000000000000000,.00000000000000000000,.00000000000000000000,.00000000000000000000,.00000000000000000000,2,1,.31720000000000000000,3,KIVA
AL05545,"2011-05-27 00:00:00.000",AL3682,CD0010,4,"2011-06-02 00:00:00.000",12,"2011-06-03 00:00:00.000",52333.00000000000000000000,5146.17200000000000000000,52333.00000000000000000000,.00000000000000000000,.00000000000000000000,.00000000000000000000,.00000000000000000000,.00000000000000000000,2,1,.31720000000000000000,3,KIVA
AL05581,"2011-05-30 00:00:00.000",M32714,CD0015,4,"2011-06-06 00:00:00.000",12,"2011-06-20 00:00:00.000",25000.00000000000000000000,2458.37810000000000000000,23260.83000000000000000000,.00000000000000000000,.00000000000000000000,.00000000000000000000,.00000000000000000000,.00000000000000000000,1,0,.31720000000000000000,3,KIVA
AL05643,"2011-05-17 00:00:00.000",AL3563,CD0032,4,"2011-06-09 00:00:00.000",18,"2011-06-24 00:00:00.000",35000.00000000000000000000,2468.68920000000000000000,34475.00000000000000000000,.00000000000000000000,.00000000000000000000,.00000000000000000000,.00000000000000000000,.00000000000000000000,2,1,.31720000000000000000,3,KIVA
AL05659,"2011-05-18 00:00:00.000",AL0722,CD0010,4,"2011-06-13 00:00:00.000",6,"2011-06-16 00:00:00.000",70000.00000000000000000000,12769.48510000000000000000,59130.33000000000000000000,.00000000000000000000,.00000000000000000000,.00000000000000000000,.00000000000000000000,.00000000000000000000,1,0,.31720000000000000000,3,KIVA
AL05666,"2011-05-18 00:00:00.000",AL0629,CD0010,4,"2011-06-13 00:00:00.000",12,"2011-06-16 00:00:00.000",50000.00000000000000000000,4916.75610000000000000000,45631.84000000000000000000,.00000000000000000000,.00000000000000000000,.00000000000000000000,.00000000000000000000,.00000000000000000000,1,0,.31720000000000000000,3,KIVA
AL05707,"2011-05-18 00:00:00.000",AL1432,CD0015,4,"2011-06-15 00:00:00.000",12,"2011-06-20 00:00:00.000",31200.00000000000000000000,3068.05580000000000000000,29524.72000000000000000000,.00000000000000000000,.00000000000000000000,.00000000000000000000,.00000000000000000000,.00000000000000000000,2,1,.31720000000000000000,3,KIVA
AL05727,"2011-05-03 00:00:00.000",AL3744,CD0015,4,"2011-06-15 00:00:00.000",12,"2011-06-20 00:00:00.000",35000.00000000000000000000,3441.72930000000000000000,32475.17000000000000000000,.00000000000000000000,.00000000000000000000,.00000000000000000000,.00000000000000000000,.00000000000000000000,1,0,.31720000000000000000,3,KIVA
AL05739,"2011-05-26 00:00:00.000",AL1871,CD0032,4,"2011-06-17 00:00:00.000",24,"2011-06-24 00:00:00.000",80000.00000000000000000000,4544.15970000000000000000,78800.00000000000000000000,.00000000000000000000,.00000000000000000000,.00000000000000000000,.00000000000000000000,.00000000000000000000,2,1,.31720000000000000000,3,KIVA
AL05740,"2011-05-26 00:00:00.000",AL1870,CD0032,4,"2011-06-17 00:00:00.000",24,"2011-06-24 00:00:00.000",80000.00000000000000000000,4544.15970000000000000000,78800.00000000000000000000,.00000000000000000000,.00000000000000000000,.00000000000000000000,.00000000000000000000,.00000000000000000000,2,1,.31720000000000000000,3,KIVA
AL05741,"2011-04-20 00:00:00.000",AL2908,CD0032,4,"2011-06-17 00:00:00.000",18,"2011-06-22 00:00:00.000",30000.00000000000000000000,2116.01930000000000000000,29550.00000000000000000000,.00000000000000000000,.00000000000000000000,.00000000000000000000,.00000000000000000000,.00000000000000000000,2,1,.31720000000000000000,3,KIVA
AL05749,"2011-05-26 00:00:00.000",AL1849,CD0032,4,"2011-06-20 00:00:00.000",18,"2011-07-06 00:00:00.000",50000.00000000000000000000,3526.69880000000000000000,50000.00000000000000000000,.00000000000000000000,.00000000000000000000,.00000000000000000000,.00000000000000000000,.00000000000000000000,2,1,.31720000000000000000,3,KIVA
AL05756,"2011-06-10 00:00:00.000",AL4692,CD0008,4,"2011-06-23 00:00:00.000",12,"2011-06-23 00:00:00.000",36400.00000000000000000000,3579.39850000000000000000,33782.17000000000000000000,.00000000000000000000,.00000000000000000000,.00000000000000000000,.00000000000000000000,.00000000000000000000,1,0,.31720000000000000000,3,KIVA
AL05757,"2011-06-10 00:00:00.000",AL4690,CD0008,4,"2011-06-20 00:00:00.000",12,"2011-06-23 00:00:00.000",46800.00000000000000000000,4602.08370000000000000000,43432.08000000000000000000,.00000000000000000000,.00000000000000000000,.00000000000000000000,.00000000000000000000,.00000000000000000000,1,0,.31720000000000000000,3,KIVA
AL05758,"2011-06-15 00:00:00.000",AL4694,CD0008,4,"2011-06-23 00:00:00.000",12,"2011-06-23 00:00:00.000",46800.00000000000000000000,4602.08370000000000000000,43435.08000000000000000000,.00000000000000000000,.00000000000000000000,.00000000000000000000,.00000000000000000000,.00000000000000000000,1,0,.31720000000000000000,3,KIVA
AL05759,"2011-06-10 00:00:00.000",AL4697,CD0008,4,"2011-06-23 00:00:00.000",12,"2011-06-23 00:00:00.000",31200.00000000000000000000,3068.05580000000000000000,28928.72000000000000000000,.00000000000000000000,.00000000000000000000,.00000000000000000000,.00000000000000000000,.00000000000000000000,1,0,.31720000000000000000,3,KIVA
AL05760,"2011-06-10 00:00:00.000",AL4701,CD0008,4,"2011-06-23 00:00:00.000",12,"2011-06-23 00:00:00.000",46800.00000000000000000000,4602.08370000000000000000,43435.08000000000000000000,.00000000000000000000,.00000000000000000000,.00000000000000000000,.00000000000000000000,.00000000000000000000,1,0,.31720000000000000000,3,KIVA
AL05761,"2011-06-10 00:00:00.000",AL4693,CD0008,4,"2011-06-20 00:00:00.000",12,"2011-06-23 00:00:00.000",46800.00000000000000000000,4602.08370000000000000000,43435.08000000000000000000,.00000000000000000000,.00000000000000000000,.00000000000000000000,.00000000000000000000,.00000000000000000000,1,0,.31720000000000000000,3,KIVA
AL05762,"2011-06-10 00:00:00.000",AL4699,CD0008,4,"2011-06-23 00:00:00.000",12,"2011-06-23 00:00:00.000",31200.00000000000000000000,3068.05580000000000000000,28956.72000000000000000000,.00000000000000000000,.00000000000000000000,.00000000000000000000,.00000000000000000000,.00000000000000000000,1,0,.31720000000000000000,3,KIVA
AL05763,"2011-06-10 00:00:00.000",AL4703,CD0008,4,"2011-06-23 00:00:00.000",12,"2011-06-23 00:00:00.000",46800.00000000000000000000,4602.08370000000000000000,43432.08000000000000000000,.00000000000000000000,.00000000000000000000,.00000000000000000000,.00000000000000000000,.00000000000000000000,1,0,.31720000000000000000,3,KIVA
AL05764,"2011-06-10 00:00:00.000",AL4696,CD0008,4,"2011-06-23 00:00:00.000",12,"2011-06-23 00:00:00.000",46800.00000000000000000000,4602.08370000000000000000,43435.08000000000000000000,.00000000000000000000,.00000000000000000000,.00000000000000000000,.00000000000000000000,.00000000000000000000,1,0,.31720000000000000000,3,KIVA
AL05789,"2011-06-06 00:00:00.000",AL3991,CD0010,4,"2011-06-21 00:00:00.000",12,"2011-06-22 00:00:00.000",52333.00000000000000000000,5146.17200000000000000000,52333.00000000000000000000,.00000000000000000000,.00000000000000000000,.00000000000000000000,.00000000000000000000,.00000000000000000000,2,1,.31720000000000000000,3,KIVA
AL05790,"2011-06-05 00:00:00.000",AL3654,CD0010,4,"2011-06-21 00:00:00.000",12,"2011-06-22 00:00:00.000",52333.00000000000000000000,5146.17200000000000000000,52333.00000000000000000000,.00000000000000000000,.00000000000000000000,.00000000000000000000,.00000000000000000000,.00000000000000000000,2,1,.31720000000000000000,3,KIVA
AL05791,"2011-06-06 00:00:00.000",AL3650,CD0010,4,"2011-06-21 00:00:00.000",12,"2011-06-22 00:00:00.000",41867.00000000000000000000,4116.99660000000000000000,41867.00000000000000000000,.00000000000000000000,.00000000000000000000,.00000000000000000000,.00000000000000000000,.00000000000000000000,2,1,.31720000000000000000,3,KIVA
AL05795,"2011-06-08 00:00:00.000",AL3576,CD0010,4,"2011-06-21 00:00:00.000",12,"2011-06-22 00:00:00.000",31600.00000000000000000000,3107.38990000000000000000,31600.00000000000000000000,.00000000000000000000,.00000000000000000000,.00000000000000000000,.00000000000000000000,.00000000000000000000,2,1,.31720000000000000000,3,KIVA
AL05852,"2011-06-22 00:00:00.000",AL2067,CD0032,4,"2011-06-28 00:00:00.000",18,"2011-07-04 00:00:00.000",50000.00000000000000000000,3526.69880000000000000000,50000.00000000000000000000,.00000000000000000000,.00000000000000000000,.00000000000000000000,.00000000000000000000,.00000000000000000000,2,1,.31720000000000000000,3,KIVA
AL05854,"2011-06-20 00:00:00.000",AL4698,CD0008,4,"2011-07-18 00:00:00.000",12,"2011-07-18 00:00:00.000",46800.00000000000000000000,4602.08370000000000000000,46800.00000000000000000000,.00000000000000000000,.00000000000000000000,.00000000000000000000,.00000000000000000000,.00000000000000000000,1,0,.31720000000000000000,3,KIVA
AL05855,"2011-06-10 00:00:00.000",AL4691,CD0008,4,"2011-07-18 00:00:00.000",12,"2011-07-18 00:00:00.000",26000.00000000000000000000,2556.71320000000000000000,26000.00000000000000000000,.00000000000000000000,.00000000000000000000,.00000000000000000000,.00000000000000000000,.00000000000000000000,1,0,.31720000000000000000,3,KIVA
AL05856,"2011-06-10 00:00:00.000",AL4695,CD0008,4,"2011-07-18 00:00:00.000",12,"2011-07-18 00:00:00.000",46800.00000000000000000000,4602.08370000000000000000,46800.00000000000000000000,.00000000000000000000,.00000000000000000000,.00000000000000000000,.00000000000000000000,.00000000000000000000,1,0,.31720000000000000000,3,KIVA
AL05998,"2011-06-14 00:00:00.000",AL4878,CD0010,4,"2011-07-18 00:00:00.000",12,"2011-07-18 00:00:00.000",60000.00000000000000000000,5900.10730000000000000000,60000.00000000000000000000,.00000000000000000000,.00000000000000000000,.00000000000000000000,.00000000000000000000,.00000000000000000000,2,1,.31720000000000000000,3,KIVA
AL06066,"2011-06-30 00:00:00.000",LM12851,CD0008,4,"2011-07-19 00:00:00.000",12,"2011-07-19 00:00:00.000",70000.00000000000000000000,6883.45860000000000000000,70000.00000000000000000000,.00000000000000000000,.00000000000000000000,.00000000000000000000,.00000000000000000000,.00000000000000000000,1,0,.31720000000000000000,3,KIVA
AL06067,"2011-06-30 00:00:00.000",AL4942,CD0008,4,"2011-07-19 00:00:00.000",12,"2011-07-19 00:00:00.000",47100.00000000000000000000,4631.58430000000000000000,47100.00000000000000000000,.00000000000000000000,.00000000000000000000,.00000000000000000000,.00000000000000000000,.00000000000000000000,2,1,.31720000000000000000,3,KIVA
AL06068,"2011-06-30 00:00:00.000",AL4941,CD0008,4,"2011-07-19 00:00:00.000",12,"2011-07-19 00:00:00.000",46800.00000000000000000000,4602.08370000000000000000,46800.00000000000000000000,.00000000000000000000,.00000000000000000000,.00000000000000000000,.00000000000000000000,.00000000000000000000,1,0,.31720000000000000000,3,KIVA
AL06069,"2011-06-30 00:00:00.000",AL4364,CD0008,4,"2011-07-18 00:00:00.000",12,"2011-07-18 00:00:00.000",26167.00000000000000000000,2573.13520000000000000000,26167.00000000000000000000,.00000000000000000000,.00000000000000000000,.00000000000000000000,.00000000000000000000,.00000000000000000000,2,1,.31720000000000000000,3,KIVA
AL06070,"2011-06-30 00:00:00.000",AL4366,CD0008,4,"2011-07-15 00:00:00.000",12,"2011-07-18 00:00:00.000",46800.00000000000000000000,4602.08370000000000000000,46800.00000000000000000000,.00000000000000000000,.00000000000000000000,.00000000000000000000,.00000000000000000000,.00000000000000000000,1,0,.31720000000000000000,3,KIVA
AL06071,"2011-06-30 00:00:00.000",AL4369,CD0008,4,"2011-07-18 00:00:00.000",12,"2011-07-18 00:00:00.000",41867.00000000000000000000,4116.99660000000000000000,41867.00000000000000000000,.00000000000000000000,.00000000000000000000,.00000000000000000000,.00000000000000000000,.00000000000000000000,2,1,.31720000000000000000,3,KIVA
AL06072,"2011-06-30 00:00:00.000",AL4365,CD0008,4,"2011-07-15 00:00:00.000",12,"2011-07-18 00:00:00.000",47100.00000000000000000000,4631.58430000000000000000,47100.00000000000000000000,.00000000000000000000,.00000000000000000000,.00000000000000000000,.00000000000000000000,.00000000000000000000,2,1,.31720000000000000000,3,KIVA
AL06120,"2011-07-18 00:00:00.000",AL4700,CD0008,4,"2011-07-22 00:00:00.000",12,"2011-07-22 00:00:00.000",31200.00000000000000000000,3068.05580000000000000000,31200.00000000000000000000,.00000000000000000000,.00000000000000000000,.00000000000000000000,.00000000000000000000,.00000000000000000000,1,0,.31720000000000000000,3,KIVA
AL06121,"2011-07-18 00:00:00.000",AL4368,CD0008,4,"2011-07-20 00:00:00.000",12,"2011-07-20 00:00:00.000",36633.00000000000000000000,3602.31060000000000000000,36633.00000000000000000000,.00000000000000000000,.00000000000000000000,.00000000000000000000,.00000000000000000000,.00000000000000000000,1,0,.31720000000000000000,3,KIVA
AL06122,"2011-07-18 00:00:00.000",AL4373,CD0008,4,"2011-07-19 00:00:00.000",12,"2011-07-20 00:00:00.000",26167.00000000000000000000,2573.13520000000000000000,26167.00000000000000000000,.00000000000000000000,.00000000000000000000,.00000000000000000000,.00000000000000000000,.00000000000000000000,2,1,.31720000000000000000,3,KIVA
